global_step,episode,reward,length,visited_chunks,max_spawn_distance,max_depth,max_x,kills,total_damage,run_time_s,death_reason
2522,1,11.667772,2522,21,281.488594055186,-94.002784729004,550.88354492188,0,0.0,185.87984490394592,TRUNC
3390,2,15.794263,868,22,357.128196716307,-71.808349609375,837.03509521484,0,1.0,73.03621554374695,DEAD
4392,3,13.899165,1002,24,292.348777770996,-76.793319702148,469.51519775391,0,0.0,79.61092686653137,TRUNC
5192,4,31.367101,800,43,516.5783967971792,0.48330852389336,919.10852050781,0,1.0,56.661381006240845,DEAD
5910,5,16.853876,718,30,400.093803405766,-76.002784729004,589.82720947266,0,1.0,53.42962026596069,DEAD
6314,6,10.119654,404,19,286.182701110836,-75.002784729004,417.18814086914,0,1.0,35.09619498252869,DEAD
6547,7,3.669589,233,11,141.419990539546,-74.793319702148,341.81698608398,0,0.9999999999999999,19.352855920791626,DEAD
8268,8,93.498977,1721,97,1392.5960769653339,330.89999389648,1247.4926757813,3,1.0000000000000016,133.3047399520874,DEAD
9198,9,66.911503,930,85,1220.6584320068841,235.9972076416,1190.7918701172,3,0.97000017948449,73.97891306877136,DEAD
10374,10,74.393467,1176,90,1398.384559631364,336.58599853516,1247.1231689453,3,1.0000000000000013,89.83124017715454,DEAD
11118,11,65.509588,744,82,1264.882652282682,236.29396057129,1201.8494873047,3,0.98000011965632,57.309659004211426,DEAD
12026,12,69.294052,908,90,1256.199821472204,238.89999389648,1192.1998291016,3,1.0,65.49090242385864,DEAD
12673,13,62.024741,647,76,1268.877586364724,239.20666503906,1204.8260498047,3,1.0,48.76703763008118,DEAD
13546,14,71.404593,873,81,1406.713813781734,343.16305541992,1247.4926757813,3,1.0000000000000016,60.79113841056824,DEAD
14233,15,65.759505,687,81,1219.325263977084,236.9972076416,1197.9993896484,3,0.97000017948449,51.968405961990356,DEAD
14816,16,67.552584,583,87,1202.618949890174,237.15748596191,1187.9755859375,3,1.0,44.1623113155365,DEAD
15341,17,65.127495,525,80,1229.415290832544,236.20666503906,1216.8253173828,3,1.0,37.6175422668457,DEAD
15887,18,63.810832,546,77,1267.235755920384,203.60305786133,1209.7592773438,3,1.0,39.30970478057861,DEAD
17638,19,65.070431,1751,83,1180.862075805624,187.20666503906,1192.4993896484,3,0.0,125.8659942150116,TRUNC
18699,20,0.682448,1061,2,34.28240203854999,124.20667266846,1192.4985351563,3,0.0,77.13601899147034,TRUNC
19764,21,-0.861795,1065,2,32.16301727297801,123.997215271,1192.4985351563,3,1.0,73.11309456825256,DEAD
21725,22,61.018769,1961,76,1178.778991699194,157.20666503906,1192.4985351563,3,0.0,140.41463088989258,TRUNC
23266,23,0.187272,1541,2,33.124595642101,123.997215271,1192.4985351563,3,0.0,110.11901497840881,TRUNC
23649,24,-1.410379,383,1,20.16938781738,124.36167907715,1192.4985351563,3,1.0,27.493929862976074,DEAD
24114,25,63.947032,465,77,1280.601631164584,235.9972076416,1210.6988525391,3,1.0,33.437209129333496,DEAD
24759,26,69.868985,645,77,1451.599617004394,371.59683227539,1247.1231689453,3,1.0000000000000016,47.76327037811279,DEAD
25261,27,60.538111,502,76,1265.505561828584,201.9972076416,1199.029296875,3,0.97000017948449,37.70775842666626,DEAD
25270,28,-0.555671,9,2,72.666435241706,-74.002784729004,219.39978027344,3,1.0,1.4184720516204834,DEAD
27151,29,62.783704,1881,81,1148.735183715794,152.9972076416,1192.4985351563,3,0.0,129.46486687660217,TRUNC
28495,30,1.460752,1344,4,39.873130798431035,124.36167907715,1192.4993896484,3,0.0,91.11222767829895,TRUNC
29170,31,0.198528,675,4,40.466918945354024,124.20667266846,1192.4985351563,3,1.0,48.21577548980713,DEAD
29923,32,71.640842,753,83,1389.664497375484,328.02484130859,1247.2463378906,3,1.0000000000000013,51.61474800109863,DEAD
30458,33,64.497372,535,81,1255.9091567993642,236.20666503906,1194.5495605469,3,0.97000017948449,54.33073830604553,DEAD
30465,34,-1.834002,7,1,8.440452575683992,-74.793319702148,250.64991760254,3,1.0,1.464313268661499,DEAD
32002,35,57.796683,1537,69,1151.781349182094,190.89999389648,1192.4985351563,3,0.0,106.3019049167633,TRUNC
32998,36,1.952691,996,4,42.962707519545006,125.37182617188,1192.4971923828,3,0.0,69.82134246826172,TRUNC
34134,37,2.360011,1136,4,47.28944396965497,125.35828399658,1192.4947509766,3,0.0,77.0507915019989,TRUNC
34347,38,1.645486,213,5,47.17443084714999,124.997215271,1192.4993896484,3,1.0,15.297830581665039,DEAD
34823,39,59.726508,476,75,1267.833137512224,194.28945922852,1206.8907470703,3,1.0,35.345439434051514,DEAD
36953,40,59.881244,2130,75,1145.6594085693641,154.89999389648,1192.4847412109,3,0.0,149.478520154953,TRUNC
38760,41,-0.437786,1807,4,64.086135864237,125.3717956543,1192.4964599609,3,1.0,125.85290741920471,DEAD
39183,42,61.967962,423,74,1206.548118591284,237.9972076416,1194.0914306641,3,1.0,36.14434218406677,DEAD
39751,43,60.746441,568,72,1256.598091125474,203.12118530273,1200.1993408203,3,1.0,40.41621518135071,DEAD
40231,44,62.326853,480,76,1271.133186340334,236.20666503906,1206.3603515625,3,1.0,34.76857948303223,DEAD
41935,45,59.554673,1704,75,1131.503005981484,156.4278717041,1191.0,3,0.0,120.01555061340332,TRUNC
43772,46,4.069503,1837,8,82.839073181153,136.38609313965,1192.2996826172,3,0.0,137.3628945350647,TRUNC
44138,47,1.835842,366,6,41.70446014408101,137.0221862793,1158.3663330078,3,1.0,30.280462741851807,DEAD
44792,48,66.468005,654,82,1224.600242614782,245.9972076416,1193.5001220703,3,1.0,53.9401068687439,DEAD
45518,49,63.52612,726,81,1265.896537780772,236.20666503906,1204.1795654297,3,1.0,60.86037611961365,DEAD
46608,50,61.395846,1090,71,1159.386810302743,239.12477111816,1103.5806884766,3,0.0,89.70950961112976,TRUNC
47423,51,5.033983,815,9,159.55455017092,241.39462280273,1188.0487060547,3,1.0,69.01038098335266,DEAD
47961,52,64.419682,538,77,1296.4998245238871,238.35371398926,1217.4261474609,3,1.0,44.39033579826355,DEAD
49037,53,69.764488,1076,76,1448.605178832972,336.90249633789,1244.1373291016,3,0.0,88.72607588768005,TRUNC
50867,54,1.186894,1830,4,34.70904541025004,337.6653137207,1237.5217285156,3,0.0,151.6266736984253,TRUNC
51923,55,0.906252,1056,5,37.91128540041001,345.21389770508,1240.7216796875,3,1.0,87.99800896644592,DEAD
52397,56,60.572258,474,72,1266.715667724614,199.9972076416,1195.19921875,3,1.0,40.25105881690979,DEAD
52416,57,-0.280941,19,5,84.291702270506,-78.808296203613,289.09994506836,3,1.0,1.8262391090393066,DEAD
53415,58,70.279389,999,73,1415.944587707542,362.47204589844,1238.9328613281,3,0.0,83.15537476539612,TRUNC
54143,59,2.449899,728,4,44.69577026369001,325.75064086914,1238.7608642578,3,0.0,60.07978630065918,TRUNC
55125,60,2.109372,982,4,43.65594482426002,326.2724609375,1234.6474609375,3,0.0,80.97344517707825,TRUNC
55898,61,2.720793,773,5,35.56497192380999,326.54449462891,1234.5764160156,3,0.0,66.15021419525146,TRUNC
56372,62,2.654805,474,6,75.11921691901003,345.23983764648,1239.1459960938,3,1.0,40.48332738876343,DEAD
56779,63,60.56541,407,71,1256.300979614304,235.89999389648,1201.9995117188,3,1.0,33.67910957336426,DEAD
57201,64,60.1095,422,70,1214.7858123779629,236.00845336914,1190.1051025391,3,1.0,34.88710331916809,DEAD
58158,65,71.429873,957,76,1420.844909668014,367.07919311523,1235.5161132813,3,0.0,79.98963403701782,TRUNC
59237,66,2.797918,1079,5,38.52426147457999,339.810546875,1236.9837646484,3,0.0,89.04308342933655,TRUNC
59994,67,3.417884,757,5,57.628021240219994,343.88128662109,1247.0,3,0.0,63.867379665374756,TRUNC
61158,68,9.949585,1164,17,158.2146911621,388.35278320313,1323.6999511719,3,1.0,95.8602397441864,DEAD
64090,69,73.745802,2932,79,1587.194503784192,390.17886352539,1320.4989013672,3,0.0,243.83350729942322,TRUNC
64696,70,1.825945,606,3,45.524230957040004,385.27966308594,1307.5496826172,3,0.0,50.97722268104553,TRUNC
65103,71,2.125311,407,6,54.35775756831998,386.17175292969,1318.8000488281,3,1.0,33.63286375999451,DEAD
66781,72,73.022162,1678,76,1518.211685180662,385.27966308594,1301.8006591797,3,0.0,138.8575940132141,TRUNC
68381,73,4.143958,1600,7,83.54373168941999,385.30389404297,1305.4000244141,3,0.0,132.35531973838806,TRUNC
69065,74,3.832183,684,7,117.00524902341999,385.30389404297,1298.3997802734,3,1.0,56.498605728149414,DEAD
70728,75,77.915945,1663,85,1518.9472427368642,384.99722290039,1307.2004394531,3,0.0,137.64446926116943,TRUNC
71886,76,2.480509,1158,4,54.39825439456001,385.37689208984,1300.4503173828,3,0.0,96.36095523834229,TRUNC
73023,77,3.778537,1137,5,76.53976440435002,385.37689208984,1294.849609375,3,0.0,93.30310320854187,TRUNC
74498,78,74.907328,1475,78,1523.2366943359739,385.27966308594,1300.1499023438,3,0.0,122.56064009666443,TRUNC
75980,79,2.645639,1482,5,60.46920776374003,385.30389404297,1300.4497070313,3,0.0,122.71021246910095,TRUNC
76788,80,3.355483,808,5,79.46188354498003,385.35629272461,1299.5499267578,3,0.0,67.18421244621277,TRUNC
76971,81,1.249966,183,4,55.09234619137999,384.99722290039,1296.5998535156,3,1.0,15.235106229782104,DEAD
78426,82,77.103008,1455,81,1550.996490478474,391.30389404297,1320.4964599609,3,0.0,120.96758675575256,TRUNC
79291,83,4.018395,865,6,64.55624389651001,385.37689208984,1297.0246582031,3,0.0,71.21722483634949,TRUNC
80050,84,3.378292,759,5,78.55795288087,385.30389404297,1300.9497070313,3,0.0,63.75137639045715,TRUNC
80928,85,0.194097,878,4,51.29815673823998,385.30389404297,1301.4102783203,3,1.0,72.32742261886597,DEAD
82530,86,78.277342,1602,83,1567.3698425292841,390.99722290039,1322.6740722656,3,0.0,132.60421800613403,TRUNC
83801,87,5.125567,1271,7,137.43737792974002,385.27966308594,1307.3999023438,3,0.0,104.3512499332428,TRUNC
84887,88,7.25426,1086,12,201.47274780272,385.30389404297,1336.4097900391,3,1.0,90.55754542350769,DEAD
85258,89,57.504812,371,64,1249.762832641588,205.89999389648,1199.9879150391,3,1.0,30.554840564727783,DEAD
85615,90,59.659015,357,68,1251.3979263306019,213.89999389648,1209.4997558594,3,1.0,29.58102560043335,DEAD
88547,91,79.75458,2932,93,1543.629821777344,384.27966308594,1323.1998291016,3,0.0,243.34802722930908,TRUNC
89578,92,6.611549,1031,10,130.59910583494,384.20666503906,1337.5999755859,3,1.0,84.91673231124878,DEAD
89960,93,59.896111,382,69,1227.1276245117401,235.89999389648,1194.8728027344,3,1.0,31.646169900894165,DEAD
89979,94,-0.19294,19,5,88.69176483153599,-78.808296203613,294.10003662109,3,1.0,1.8314499855041504,DEAD
91832,95,73.960669,1853,77,1499.2667236327738,384.99722290039,1292.2498779297,3,0.0,153.10787963867188,TRUNC
92996,96,7.105241,1164,10,113.07315063484003,384.39569091797,1289.7998046875,3,0.0,96.8595404624939,TRUNC
93841,97,8.655182,845,9,128.40310668946,383.99722290039,1336.7619628906,3,0.0,69.52040100097656,TRUNC
93934,98,1.127928,93,4,50.761856079160026,256.99722290039,1347.7993164063,3,1.0,8.077752351760864,DEAD
95852,99,76.413684,1918,84,1549.301765441894,385.27966308594,1340.0596923828,3,0.0,158.90059351921082,TRUNC
97041,100,11.922431,1189,12,222.49853515630002,385.27966308594,1355.4490966797,3,0.0,99.34282302856445,TRUNC
97885,101,6.929162,844,11,181.34793090825002,385.27966308594,1326.0892333984,3,1.0,69.83077216148376,DEAD
98226,102,57.240348,341,62,1216.164619445824,236.89999389648,1204.3937988281,3,1.0,28.23415780067444,DEAD
98246,103,0.08156,20,5,99.439208984376,-75.780715942383,314.45031738281,3,1.0,2.052245616912842,DEAD
99236,104,54.852325,990,62,1138.616256713904,179.49722290039,1181.9997558594,3,0.0,82.43649053573608,TRUNC
99923,105,3.247041,687,5,70.39537048336999,137.30387878418,1169.25,3,0.0,56.57362151145935,TRUNC
100680,106,4.357044,757,7,53.56782531728996,136.20666503906,1191.9500732422,3,0.0,63.84551429748535,TRUNC
101878,107,4.313368,1198,8,67.45622253419,137.30387878418,1159.3498535156,3,0.0,98.38315510749817,TRUNC
102191,108,1.9056,313,6,46.074012756337,136.20666503906,1150.6024169922,3,1.0,26.013680696487427,DEAD
102558,109,52.401773,367,54,1206.438682556154,205.9972076416,1191.7998046875,3,1.0,31.563965797424316,DEAD
102937,110,56.273716,379,63,1275.219055175764,200.9972076416,1198.8995361328,3,1.0,31.48482036590576,DEAD
104392,111,56.321057,1455,67,1150.6019210815039,189.19813537598,1146.7264404297,3,0.0,119.80772662162781,TRUNC
104711,112,9.92323,319,14,151.95092773433998,214.13005065918,1202.849609375,3,1.0,27.815187454223633,DEAD
107446,113,75.282908,2735,81,1534.099014282262,385.27966308594,1299.3756103516,3,0.0,226.07792973518372,TRUNC
108672,114,5.401583,1226,11,153.07249450684,385.30389404297,1295.5992431641,3,1.0,102.14935326576233,DEAD
109056,115,57.960871,384,67,1231.729614257852,203.9972076416,1200.2994384766,3,1.0,31.580262660980225,DEAD
109076,116,-0.169452,20,4,82.027366638188,-75.002784729004,269.69976806641,3,1.0,2.0788064002990723,DEAD
111943,117,78.911141,2867,92,1545.600349426294,385.30389404297,1299.3997802734,3,0.0,236.67161297798157,TRUNC
112626,118,5.635559,683,8,109.43972778316999,385.37689208984,1294.7498779297,3,0.0,56.37647032737732,TRUNC
113034,119,4.525268,408,9,120.38098144535002,385.27966308594,1299.3489990234,3,1.0,34.97166132926941,DEAD
115435,120,79.383987,2401,89,1518.3454284667641,385.30389404297,1318.9497070313,3,0.0,198.70020651817322,TRUNC
116467,121,8.973873,1032,12,192.11097717290002,385.27966308594,1311.8873291016,3,0.0,85.05755400657654,TRUNC
116993,122,6.735528,526,10,119.60913085941002,384.99722290039,1297.8996582031,3,1.0,44.35949468612671,DEAD
117405,123,59.520583,412,69,1229.479827880914,206.54927062988,1200.0258789063,3,1.0,34.16455078125,DEAD
117827,124,58.872118,422,72,1255.427947998083,233.49722290039,1188.6500244141,3,1.0,35.01062083244324,DEAD
117844,125,0.077665,17,4,104.73326873778599,-83.002784729004,258.34954833984,3,1.0,1.817793369293213,DEAD
118266,126,57.267165,422,65,1269.6803436279629,238.9972076416,1199.9996337891,3,1.0,34.70430827140808,DEAD
120165,127,77.110896,1899,85,1509.771392822294,384.30389404297,1293.6567382813,3,0.0,156.946946144104,TRUNC
120924,128,8.061484,759,11,135.68981933594,384.20666503906,1341.1922607422,3,0.0,63.70535373687744,TRUNC
122062,129,8.258295,1138,12,108.50810241698,384.30389404297,1293.3992919922,3,0.0,93.48315143585205,TRUNC
122223,130,3.483121,161,5,90.27815246581,383.99722290039,1272.8249511719,3,1.0,13.564048290252686,DEAD
122627,131,58.225627,404,70,1271.397773742674,207.08081054688,1203.9990234375,3,1.0,33.468263387680054,DEAD
122647,132,-1.611813,20,1,15.19989013672,-77.793319702148,213.0,3,1.0,2.082775592803955,DEAD
123668,133,53.73104,1021,61,1104.699211120604,182.89999389648,1142.0993652344,3,0.0,85.11712455749512,TRUNC
123793,134,8.545488,125,10,172.81474304204002,233.35372924805,1206.9481201172,3,1.0,10.668772459030151,DEAD
125657,135,78.178132,1864,88,1534.799934387194,384.30389404297,1285.4837646484,3,0.0,154.42907810211182,TRUNC
126637,136,9.97231,980,13,137.96707153322,384.30389404297,1331.7899169922,3,0.0,80.57569670677185,TRUNC
127750,137,6.619021,1113,11,155.48057556155,384.20666503906,1328.9500732422,3,1.0,92.77284240722656,DEAD
129480,138,77.149319,1730,84,1508.659278869664,384.30389404297,1298.9998779297,3,0.0,143.5433144569397,TRUNC
130163,139,2.48639,683,4,57.542480468760004,385.20666503906,1310.349609375,3,0.0,56.4363968372345,TRUNC
131306,140,5.989602,1143,9,100.60238647465002,385.20666503906,1297.3499755859,3,0.0,95.23734021186829,TRUNC
131703,141,5.328697,397,9,137.42529296867997,384.20666503906,1294.0007324219,3,1.0,32.638150691986084,DEAD
132160,142,59.629169,457,70,1229.808425903284,238.89999389648,1200.1761474609,3,1.0,37.68223714828491,DEAD
132629,143,60.995025,469,72,1233.284500122074,233.49722290039,1194.6002197266,3,1.0,38.65739297866821,DEAD
132648,144,-0.867326,19,2,50.166976928716,-74.002784729004,220.94976806641,3,1.0,1.8166162967681885,DEAD
133172,145,60.99928,524,73,1228.761177063012,236.89999389648,1201.3493652344,3,1.0,44.13031077384949,DEAD
133596,146,58.407505,424,67,1247.575218200682,233.49722290039,1196.0751953125,3,1.0,35.047476291656494,DEAD
135652,147,79.76026,2056,92,1548.552314758284,384.25790405273,1314.0495605469,3,0.0,170.11900639533997,TRUNC
136876,148,7.637402,1224,10,107.00982666012999,385.27966308594,1305.771484375,3,0.0,100.62986636161804,TRUNC
137498,149,9.509445,622,10,135.59646606451003,385.27966308594,1292.5509033203,3,0.0,52.470168590545654,TRUNC
137549,150,0.864006,51,3,69.95974731453003,382.99722290039,1281.2664794922,3,1.0,4.694426536560059,DEAD
138969,151,81.269102,1420,97,1498.552314758284,384.89999389648,1298.7637939453,3,0.0,116.51194667816162,TRUNC
140151,152,8.443374,1182,12,105.07183837891,384.30389404297,1313.3306884766,3,0.0,98.50792479515076,TRUNC
140898,153,8.137789,747,10,115.04962158200999,384.3264465332,1313.8486328125,3,0.0,61.56441116333008,TRUNC
141501,154,4.372961,603,9,121.88604736327,385.19165039063,1297.4497070313,3,1.0,51.01794505119324,DEAD
142902,155,80.884726,1401,100,1549.869567871064,382.99722290039,1335.3497314453,3,0.0,115.26129150390625,TRUNC
144025,156,13.531436,1123,15,213.19665527347001,383.99722290039,1331.7513427734,3,0.0,93.41889882087708,TRUNC
145462,157,9.685032,1437,13,180.93659973135996,384.20666503906,1337.9993896484,3,1.0,119.13178563117981,DEAD
146059,158,63.543005,597,86,1280.403030395484,240.9972076416,1199.4699707031,3,1.0,49.113778829574585,DEAD
146078,159,1.867099,19,7,188.985427856446,-76.099998474121,240.59986877441,3,1.0,1.8578541278839111,DEAD
146592,160,63.878054,514,87,1273.024986267082,236.0749206543,1214.4689941406,3,1.0,42.30324125289917,DEAD
149226,161,83.059122,2634,102,1539.946632385282,384.20666503906,1299.2664794922,3,0.0,217.90300273895264,TRUNC
150192,162,8.110635,966,11,177.61518859862,384.21380615234,1288.8875732422,3,0.0,80.78853631019592,TRUNC
150551,163,5.084811,359,8,106.69165039058998,384.99722290039,1305.7250976563,3,1.0,29.83193588256836,DEAD
151114,164,62.705993,563,87,1276.0744781494,211.49722290039,1205.1993408203,3,1.0,46.268430948257446,DEAD
151705,165,60.436721,591,73,1240.969299316364,203.9972076416,1200.6497802734,3,1.0,49.91147184371948,DEAD
152061,166,55.021906,356,62,1211.356338501024,201.1194152832,1198.34765625,3,1.0,29.527750968933105,DEAD
153337,167,76.884314,1276,98,1497.955307006873,384.27966308594,1321.9274902344,3,0.0,105.01442551612854,TRUNC
154347,168,9.398945,1010,8,180.61654663087,383.99722290039,1328.470703125,3,0.0,84.5102367401123,TRUNC
155344,169,8.088936,997,9,119.31420898436,384.30389404297,1313.3999023438,3,0.0,82.35889482498169,TRUNC
156012,170,8.325186,668,9,185.05604553224,384.27966308594,1321.8491210938,3,1.0,56.22982597351074,DEAD
158121,171,77.808931,2109,87,1480.173141479492,384.20666503906,1300.9477539063,3,0.0,175.10823798179626,TRUNC
159234,172,9.007907,1113,12,187.41186523441002,384.31588745117,1311.19921875,3,0.0,91.6563229560852,TRUNC
159971,173,7.102279,737,12,138.28717041017,386.30389404297,1314.4986572266,3,1.0,62.130433320999146,DEAD
161613,174,81.073738,1642,98,1520.480232238794,384.30389404297,1318.3937988281,3,0.0,134.78478360176086,TRUNC
162587,175,9.201993,974,9,144.92509460441997,381.49722290039,1317.1998291016,3,0.0,81.4527702331543,TRUNC
163927,176,10.029135,1340,11,163.15003967289002,384.30389404297,1320.9968261719,3,0.0,111.65116000175476,TRUNC
165468,177,81.210556,1541,108,1517.673858642594,384.30389404297,1313.3999023438,3,0.0,126.85364580154419,TRUNC
167556,178,10.106684,2088,13,149.42674255362996,384.30389404297,1322.3488769531,3,0.0,172.94892406463623,TRUNC
167894,179,4.866197,338,7,115.10009765621999,384.20666503906,1279.8461914063,3,1.0,28.731717586517334,DEAD
168845,180,10.617597,951,34,378.429862976066,-83.002784729004,343.19973754883,3,0.0,78.85565233230591,TRUNC
170104,181,65.422019,1259,82,1344.72708129884,235.89999389648,1206.7335205078,3,1.0,103.90996599197388,DEAD
170617,182,61.367269,513,87,1277.125137329154,235.46879577637,1211.7475585938,3,1.0,42.250367164611816,DEAD
172133,183,76.06217,1516,103,1562.089508056674,385.39944458008,1297.4007568359,3,0.0,125.38359308242798,TRUNC
173886,184,8.422013,1753,13,181.4682312012,385.27966308594,1317.2498779297,3,0.0,144.43145990371704,TRUNC
174572,185,6.685149,686,11,186.28207397466002,385.30389404297,1368.4995117188,3,1.0,58.0685453414917,DEAD
175114,186,62.664576,542,85,1242.605377197302,236.20666503906,1196.6416015625,3,1.0,44.72509050369263,DEAD
175515,187,58.927712,401,70,1251.518859863264,233.49722290039,1202.1993408203,3,1.0,33.16264009475708,DEAD
175535,188,0.789502,20,5,136.678680419916,-77.623107910156,212.40003967285,3,1.0,1.8139383792877197,DEAD
176731,189,81.89318,1196,100,1583.599891662572,385.35629272461,1331.0998535156,3,0.0,99.64756846427917,TRUNC
177349,190,4.878092,618,6,122.40069580085003,385.30389404297,1298.6000976563,3,0.0,51.067734718322754,TRUNC
178256,191,9.167549,907,13,160.46629333493,385.13607788086,1316.8524169922,3,0.0,75.58045959472656,TRUNC
179476,192,11.363781,1220,12,176.94250488282,385.27966308594,1303.2713623047,3,0.0,100.23871397972107,TRUNC
179488,193,1.801303,12,2,73.30718994141,382.99722290039,1273.1724853516,3,1.0,1.3172273635864258,DEAD
180971,194,79.373882,1483,103,1552.023483276392,384.30389404297,1341.3073730469,3,0.0,122.93237280845642,TRUNC
182108,195,8.982142,1137,12,204.55319213864,384.30389404297,1312.830078125,3,0.0,93.63572359085083,TRUNC
183233,196,8.414167,1125,12,154.36267089849002,384.30389404297,1313.1994628906,3,0.0,93.54893851280212,TRUNC
183443,197,9.836508,210,10,199.42527771001002,384.27966308594,1314.5042724609,3,1.0,17.53030037879944,DEAD
185759,198,77.581214,2316,90,1528.163742065392,385.18023681641,1302.86328125,3,0.0,191.17174458503723,TRUNC
187338,199,9.801513,1579,13,136.11676025389,385.37689208984,1318.7615966797,3,0.0,130.70144772529602,TRUNC
187403,200,1.273532,65,4,37.5225982666,262.99722290039,1302.9997558594,3,1.0,5.737584352493286,DEAD
189224,201,80.395138,1821,96,1546.765266418494,385.03884887695,1305.5115966797,3,0.0,150.62056970596313,TRUNC
190234,202,11.564904,1010,12,177.71748352052,384.99722290039,1303.9997558594,3,0.0,83.1397352218628,TRUNC
191358,203,3.969052,1124,9,104.63024902341999,385.29879760742,1299.7739257813,3,1.0,94.28034043312073,DEAD
191733,204,57.708137,375,68,1197.28170776368,205.9972076416,1192.849609375,3,1.0,31.110309839248657,DEAD
193442,205,55.606289,1709,67,1151.799560546904,155.96208190918,1163.6878662109,3,0.0,141.24185490608215,TRUNC
195619,206,27.561405,2177,33,391.19950866700003,384.30389404297,1288.8499755859,3,0.0,179.6433846950531,TRUNC
195693,207,6.85924,74,6,154.63061523441002,384.20666503906,1276.2209472656,3,1.0,6.5122902393341064,DEAD
196902,208,81.139746,1209,93,1550.713912963892,385.20666503906,1313.0681152344,3,0.0,100.58105421066284,TRUNC
198075,209,8.042939,1173,12,152.40594482422,385.27966308594,1293.5989990234,3,0.0,96.52096605300903,TRUNC
198732,210,6.665007,657,8,145.09114074708,385.35629272461,1303.4598388672,3,0.0,55.06485557556152,TRUNC
199650,211,6.494612,918,12,168.63061523442002,385.20666503906,1295.9298095703,3,1.0,75.88299322128296,DEAD
201197,212,79.248413,1547,91,1503.61303710943,385.27966308594,1296.1934814453,3,0.0,128.42749214172363,TRUNC
201892,213,8.840733,695,12,170.41047668455,385.30389404297,1296.7254638672,3,0.0,57.23712873458862,TRUNC
202649,214,8.908155,757,12,164.16911315921,384.35629272461,1322.7978515625,3,0.0,62.14391851425171,TRUNC
203363,215,10.918531,714,11,173.26747131349,385.35629272461,1303.048828125,3,0.0,60.151084661483765,TRUNC
203596,216,7.162105,233,12,102.16928100579997,384.20666503906,1293.1999511719,3,1.0,19.38598108291626,DEAD
205397,217,82.562669,1801,104,1549.89382171627,385.35629272461,1298.5131835938,3,0.0,148.79866242408752,TRUNC
207561,218,7.06962,2164,15,164.18974304203002,385.20666503906,1329.4739990234,3,1.0,178.62927556037903,DEAD
209101,219,80.246402,1540,95,1522.523696899462,385.27966308594,1340.3419189453,3,0.0,127.9395751953125,TRUNC
209748,220,8.331132,647,11,95.93539428713001,384.20666503906,1294.0668945313,3,0.0,53.28867745399475,TRUNC
210414,221,10.609941,666,10,161.49838256830998,384.20666503906,1293.5322265625,3,0.0,54.777469873428345,TRUNC
211516,222,5.830321,1102,11,169.30937194826,385.20666503906,1299.8308105469,3,1.0,91.98841547966003,DEAD
212688,223,74.874847,1172,100,1435.053382873564,368.28619384766,1247.0,3,0.0,96.5133650302887,TRUNC
213550,224,11.065361,862,10,184.28724670412,378.95571899414,1247.498046875,3,0.0,72.5694169998169,TRUNC
215474,225,12.692443,1924,24,145.0037841797,384.99722290039,1294.6052246094,3,1.0,159.59424924850464,DEAD
217262,226,82.536776,1788,104,1526.9321060180441,384.30389404297,1300.7999267578,3,0.0,148.06566405296326,TRUNC
218438,227,9.078579,1176,13,127.42227172848999,384.30389404297,1303.4692382813,3,0.0,97.0954909324646,TRUNC
219234,228,8.648374,796,12,148.75846862791,385.27966308594,1302.8795166016,3,0.0,67.14903211593628,TRUNC
219428,229,5.996914,194,10,121.83905029296,383.20666503906,1288.3999023438,3,1.0,16.441956043243408,DEAD
221070,230,84.002628,1642,124,1521.841682434054,385.38693237305,1300.044921875,3,0.0,134.75210237503052,TRUNC
222323,231,10.483935,1253,15,203.94400024408998,390.89999389648,1320.353515625,3,0.0,104.54884791374207,TRUNC
222945,232,8.44927,622,11,177.08100891106997,384.38247680664,1300.4425048828,3,0.0,51.26433777809143,TRUNC
223380,233,6.113576,435,9,116.13253784170996,382.3515625,1296.4500732422,3,1.0,37.33364462852478,DEAD
225058,234,85.801563,1678,125,1513.20022583009,384.89999389648,1298.2601318359,3,0.0,139.28249549865723,TRUNC
226723,235,10.653889,1665,16,126.21945190432001,384.33306884766,1320.2097167969,3,0.0,137.76470518112183,TRUNC
227340,236,7.358919,617,11,119.88928222658001,384.30389404297,1311.7495117188,3,1.0,52.188719511032104,DEAD
229196,237,84.48335,1856,124,1508.660835266134,384.30389404297,1292.2498779297,3,0.0,152.37275528907776,TRUNC
230048,238,12.050742,852,11,205.32766723631,385.20666503906,1298.3070068359,3,0.0,71.4341413974762,TRUNC
231188,239,8.545812,1140,12,132.64863586420998,385.20666503906,1298.0194091797,3,0.0,93.80246090888977,TRUNC
231306,240,6.169028,118,9,120.78036499026001,384.30389404297,1289.3762207031,3,1.0,10.186131477355957,DEAD
234577,241,87.706374,3271,133,1560.509620666464,385.35629272461,1308.4000244141,3,0.0,270.66596961021423,TRUNC
235269,242,7.659528,692,12,128.44226074210997,385.35629272461,1300.3498535156,3,1.0,57.17552900314331,DEAD
236835,243,87.233335,1566,133,1548.073135375962,385.37689208984,1296.6999511719,3,0.0,130.2729823589325,TRUNC
238029,244,9.317725,1194,13,199.77082824711002,384.20666503906,1304.849609375,3,0.0,99.62206745147705,TRUNC
239201,245,9.635847,1172,13,120.35998535160002,386.27966308594,1312.3494873047,3,0.0,96.67598509788513,TRUNC
239225,246,-0.202587,24,2,40.99760437019003,253.27969360352,1316.5607910156,3,1.0,2.3455519676208496,DEAD
241110,247,83.040385,1885,116,1510.03503417965,385.35629272461,1302.0739746094,3,0.0,156.1926772594452,TRUNC
242595,248,11.675613,1485,19,178.74819946291,385.27966308594,1354.2731933594,3,0.0,123.14746618270874,TRUNC
243183,249,5.913348,588,10,151.46630859380002,385.27966308594,1306.3491210938,3,1.0,48.31683874130249,DEAD
245375,250,83.846919,2192,109,1556.066253662084,385.27966308594,1292.0191650391,3,0.0,181.0225613117218,TRUNC
246317,251,12.214956,942,13,168.54754638675,376.7724609375,1240.6868896484,3,0.0,78.96451783180237,TRUNC
247143,252,8.527017,826,12,143.39518737794,377.15090942383,1241.6524658203,3,1.0,68.03110432624817,DEAD
248391,253,76.048219,1248,95,1434.6720581054901,379.26095581055,1247.4270019531,3,0.0,104.00636768341064,TRUNC
249458,254,8.791831,1067,12,147.97366333002998,377.89999389648,1245.5372314453,3,0.0,87.9887490272522,TRUNC
250642,255,10.31102,1184,12,156.53277587889,379.39581298828,1247.2561035156,3,0.0,99.05867886543274,TRUNC
251097,256,10.959437,455,15,173.72085571288,384.99722290039,1292.3997802734,3,1.0,37.696826457977295,DEAD
252214,257,76.31421,1117,102,1482.5373229980742,378.42315673828,1245.7999267578,3,0.0,91.90547847747803,TRUNC
253867,258,8.73768,1653,13,166.17521667482,384.93182373047,1238.9360351563,3,0.0,133.98898673057556,TRUNC
254666,259,9.151623,799,12,107.02752685542998,378.02420043945,1246.869140625,3,0.0,67.25475645065308,TRUNC
255052,260,9.86672,386,12,162.50175476070999,379.51306152344,1233.5028076172,3,1.0,32.023982763290405,DEAD
256844,261,88.255691,1792,129,1531.493324279772,385.38842773438,1305.1998291016,3,0.0,141.29134106636047,TRUNC
258994,262,9.372496,2150,18,155.70623779298,385.37689208984,1378.5635986328,3,1.0,152.13107252120972,DEAD
260569,263,75.381867,1575,97,1463.117195129434,376.7233581543,1227.1755371094,3,0.0,166.86661624908447,TRUNC
261909,264,9.660433,1340,12,129.96655273444003,372.25143432617,1225.9569091797,3,0.0,104.29126858711243,TRUNC
262856,265,11.092069,947,17,174.39880371093,385.30389404297,1328.3114013672,3,1.0,77.6561713218689,DEAD
263630,266,59.07675,774,114,1260.138633728054,234.39610290527,1200.2995605469,3,1.0,70.99512219429016,DEAD
265750,267,74.406326,2120,101,1448.201026916514,385.61242675781,1221.9998779297,3,0.26999838463962,171.2194676399231,TRUNC
266410,268,8.713897,660,13,98.78524780273,371.01281738281,1247.2277832031,3,0.31749810045585,61.3186616897583,TRUNC
267463,269,11.398451,1053,13,149.02720642092,380.01123046875,1227.2418212891,3,0.0,93.58603525161743,TRUNC
267544,270,2.241671,81,4,54.19491577145999,345.46380615234,1208.2526855469,3,0.41250351490453,7.554414510726929,DEAD
269648,271,108.868056,2104,561,5541.602775573726,-67.002784729004,639.44262695313,3,0.0,153.02773475646973,TRUNC
270550,272,130.317675,902,371,6555.983734130849,-657.45629882813,797.51257324219,3,0.0,86.684641122818,TRUNC
271183,273,126.006022,633,308,3791.5557861327597,-294.65985107422,1299.8094482422,3,1.0,50.82729768753052,DEAD
272020,274,6.513033,837,24,358.219200134276,-73.720321655273,253.95001220703,3,0.0,60.566752672195435,TRUNC
273708,275,12.131161,1688,34,366.554718017582,-73.696105957031,300.10021972656,3,0.0,126.66388893127441,TRUNC
274933,276,6.22812,1225,35,371.656021118162,-73.793319702148,286.60040283203,3,0.0,89.95248508453369,TRUNC
275072,277,4.512463,139,11,181.1826171875,-82.793319702148,287.60028076172,3,1.0,9.981444120407104,DEAD
276560,278,66.494204,1488,119,1259.818519592264,209.28889465332,1211.0261230469,3,1.0,103.10934090614319,DEAD
277383,279,13.703547,823,56,373.117881774906,-74.793319702148,528.15081787109,3,0.0,59.308544635772705,TRUNC
277746,280,49.861351,363,51,975.60791015623,232.29586791992,1207.5988769531,3,1.0,26.749769687652588,DEAD
278700,281,7.075121,954,44,399.246604919436,-73.793319702148,295.34951782227,3,0.0,66.17860984802246,TRUNC
280426,282,78.47165,1726,94,1538.74874877928,384.31149291992,1219.9090576172,3,0.0,121.74219226837158,TRUNC
281244,283,7.566183,818,10,86.70468139647,381.77688598633,1221.0063476563,3,0.0,61.23562002182007,TRUNC
281640,284,9.258248,396,11,163.69836425784,382.22235107422,1225.2315673828,3,1.0,29.27465319633484,DEAD
282433,285,6.491083,793,36,363.897453308106,-73.696105957031,302.02587890625,3,0.0,56.457066774368286,TRUNC
283365,286,69.575673,932,66,1386.91572570799,371.46517944336,1216.9656982422,3,0.0,71.58846926689148,TRUNC
284824,287,9.43564,1459,15,120.74174499513,377.89025878906,1244.8195800781,3,0.0,108.18537449836731,TRUNC
285491,288,9.868363,667,14,110.03857421876,379.71929931641,1228.3627929688,3,0.0,50.18189334869385,TRUNC
285508,289,0.945623,17,3,49.23162841801002,328.89999389648,1200.1657714844,3,1.0,2.3065004348754883,DEAD
287093,290,76.353293,1585,111,1458.965705871574,384.94613647461,1219.4086914063,3,0.0,117.16356444358826,TRUNC
288024,291,10.919227,931,16,149.66210937494998,384.49295043945,1241.2459716797,3,0.0,68.08329892158508,TRUNC
288958,292,9.798147,934,15,121.37702941890998,383.6926574707,1231.6038818359,3,0.24499853421003004,69.86788415908813,TRUNC
289396,293,8.698093,438,15,167.68737792962997,372.32220458984,1229.4194335938,3,0.75500146578997,31.753130674362183,DEAD
290099,294,7.462162,703,35,358.048637390136,-74.793319702148,322.65020751953,3,0.0,49.59717416763306,TRUNC
291792,295,88.529949,1693,98,1595.52270507817,382.8571472168,1228.3715820313,3,0.5499967094510801,119.69788312911987,TRUNC
292776,296,10.016736,984,15,135.9702606201,380.8776550293,1242.6960449219,3,0.0,71.61869668960571,TRUNC
1798,1,6.91042,1798,21,223.086524963373,-75.696105957031,359.98373413086,0,0.0,153.6232521533966,TRUNC
755,1,1.78124,755,10,115.529747009273,-76.748321533203,295.9499206543,0,0.0,79.49755787849426,TRUNC
2661,2,10.532773,1906,40,553.258842468258,-31.7933177948,272.99990844727,0,0.0,133.62313079833984,TRUNC
3642,3,1.75386,981,12,112.71494293212899,-31.641710281372,133.60168457031,0,0.0,71.58046865463257,TRUNC
3922,4,0.139317,280,9,105.30027008057701,-41.211002349854,167.60130310059,0,1.0,19.16328001022339,DEAD
7860,5,103.860411,3938,105,1467.736625671347,454.15335083008,1180.4993896484,3,1.0,281.6153075695038,DEAD
9393,6,67.100852,1533,83,1114.455375671347,184.20666503906,1084.4683837891,4,1.0,109.8381884098053,DEAD
10527,7,56.228975,1134,70,1098.620948791477,181.49722290039,1073.2489013672,4,1.0,80.15262198448181,DEAD
11426,8,59.566116,899,79,1101.325218200667,183.89999389648,1077.3942871094,4,1.0,61.610634326934814,DEAD
3929,1,34.685897,3929,72,714.394878387451,-21.680614471436,887.044921875,0,1.0,304.6263611316681,DEAD
871,1,1.929217,871,10,128.080299377443,-76.099998474121,283.19985961914,0,0.0,98.85465264320374,TRUNC
1413,1,2.958191,1413,23,169.628982543946,-39.099998474121,306.15036010742,0,0.0,114.08566570281982,TRUNC
2664,2,9.244804,1251,29,437.58072662353595,-48.793323516846,340.15072631836,0,0.0,100.23963475227356,TRUNC
3572,3,4.194084,908,31,287.2014107704124,4.9000000953674,212.09980773926,0,1.0,85.11012244224548,DEAD
7412,4,37.184646,3840,144,1499.0,76.229507446289,249.64987182617,0,1.0,282.4388675689697,DEAD
10258,5,40.997999,2846,142,1496.158317565926,70.038841247559,240.39994812012,0,0.0,236.97690510749817,TRUNC
11334,6,2.417429,1076,7,77.583435058594,-22.720325469971,-1177.8920898438,0,1.0,80.20719814300537,DEAD
13770,7,41.382435,2436,123,1498.712295532239,66.206680297852,242.69996643066,0,0.0,167.40858936309814,TRUNC
14941,8,13.550225,1171,15,350.86869049068696,-22.600791931152,-1161.4111328125,0,0.0,81.52553367614746,TRUNC
15235,9,3.166437,294,7,94.715194702146,-22.696111679077,-1178.2000732422,0,1.0,20.98687219619751,DEAD
1748,1,2.7592052612304303,874,18,151.350013732903,-57.720321655273,293.40014648438,0,0.0,103.53708362579346,TRUNC
2962,2,22.994031051635304,1481,45,955.0143051147529,-51.793323516846,299.35009765625,0,0.0,164.44009065628052,TRUNC
4770,3,17.83133489990187,1511,27,451.79147338867,-68.177490234375,671.61883544922,0,0.0,168.07203555107117,TRUNC
5918,4,45.249462463380695,1478,29,1156.775924682648,195.30387878418,1136.6265869141,0,1.0,163.301771402359,DEAD
5968,5,14.603477874755706,599,27,782.14548492431,-32.002784729004,212.79919433594,0,1.0,62.18406271934509,DEAD
12502,6,24.94776470947167,3267,73,1352.63537597656,82.100074768066,245.39996337891,0,1.0,344.9270143508911,DEAD
12726,7,28.13625756835693,3404,72,914.303413391113,69.206680297852,247.09992980957,0,0.0,365.7147934436798,TRUNC
17612,8,53.64400955200238,2555,175,1962.0476913452158,101.90000152588,237.0,0,0.0,241.42788243293762,TRUNC
18362,9,33.74684535217412,2818,123,1352.451732635485,68.997215270996,65.301483154297,0,1.0,264.0569248199463,DEAD
19960,10,38.19729302874318,1174,62,1692.961502075182,104.5325012207,246.94993591309,0,1.0199938975274514,111.07009792327881,TRUNC
23474,1,17.258940616413298,956,27,360.305335998523,96.938919067383,-1005.9324951172,0,0.9700001794844912,74.89687132835388,DEAD
24180,2,8.566110931397162,1309,12,177.54608917238602,-18.793327331543,-1161.4613037109,0,0.0,103.10582089424133,TRUNC
24888,3,2.266785942078792,354,6,66.90042877203504,-18.863916397095,-1169.6507568359,0,1.0,26.127857446670532,DEAD
26890,4,54.64643045668312,1708,165,2217.552017211873,96.125022888184,233.5499420166,0,0.13499993272125,142.54213619232178,TRUNC
27126,5,-1.0472494545141902,118,1,14.481536865184978,87.5,-1322.8247070313,0,0.8450001869350708,10.788361549377441,DEAD
28482,6,44.556061981202475,1797,102,1509.8336486816079,56.997215270996,231.0,0,0.0,156.09400987625122,TRUNC
30166,7,41.89738671995708,1520,123,1710.8222351074219,96.224868774414,200.0,0,0.9900000598281613,131.53813338279724,DEAD
31122,8,5.388550033569732,1320,8,131.95061302189004,-18.623111724854,-1168.8206787109,0,0.0,110.6591567993164,TRUNC
31800,9,3.215064102172755,339,7,85.547668457031,-18.886142730713,-1180.7196044922,0,1.0,24.379300355911255,DEAD
32816,10,40.22569787718356,1325,120,1750.8222351074219,87.890426635742,240.00004577637,0,0.9900000598281614,96.82149887084961,DEAD
34210,11,24.196934495225328,697,91,1159.702709197997,81.171783447266,256.0,0,0.99000005982816,55.744529008865356,DEAD
34728,12,43.285583892823674,1464,122,1475.159744262708,68.997215270996,200.0,0,0.0,111.88382482528687,TRUNC
36136,13,37.13074724999002,963,132,1585.017974853496,87.201316833496,219.86108398438,0,0.96125000342727,70.88528871536255,DEAD
37628,14,8.189389152525195,1450,13,140.40365600578798,-22.531824111938,-1149.3395996094,0,0.0,108.21693134307861,TRUNC
38962,15,6.775856903076113,667,11,122.032951354969,-20.793327331543,-1152.0008544922,0,1.0,54.71426486968994,DEAD
39042,16,38.732161015950524,1453,147,1568.7441177367791,89.191696166992,245.0,0,0.38999996427447003,114.8896005153656,TRUNC
39618,17,13.367178260802914,288,36,461.04316806791496,116.59445953369,-796.60815429688,0,1.0,21.321415424346924,DEAD
41198,18,35.145383605956134,790,108,1540.740272521932,100.20667266846,207.6252746582,0,0.9999999999999998,54.69000005722046,DEAD
42896,19,39.907540069580556,849,113,1625.256492614771,114.24827575684,209.84999084473,0,1.0,64.2153217792511,DEAD
43250,20,51.30822015381237,2144,128,1698.7915344238681,65.49723815918,240.0,0,0.0,156.8154799938202,TRUNC
44104,21,27.704394775390465,604,99,1313.697502136238,80.900001525879,204.89184570313,0,1.0,43.9979932308197,DEAD
45694,22,16.14819790649552,1222,20,318.426666259827,-32.099998474121,-1140.5002441406,0,0.0,86.96156239509583,TRUNC
46254,23,3.5118901062002963,280,7,100.93813705440398,-41.099998474121,-1137.9533691406,0,1.0,25.98181462287903,DEAD
47234,24,53.54406223699564,1565,153,1864.070083618142,163.43579101563,248.0,0,0.65749995782971,117.29593753814697,TRUNC
49030,25,28.93265426997922,898,56,724.408218383835,141.52450561523,-922.60003662109,0,0.9700001794844914,61.11664056777954,DEAD
50036,26,45.98382437134014,1891,121,1600.018981933568,67.900001525879,256.0,0,0.0,132.4926495552063,TRUNC
51238,27,-0.10100000000000052,601,1,0.0,-149.76481628418,-1201.1959228516,0,0.0,59.17854166030884,TRUNC
51812,28,35.68801318118217,1391,104,1606.631210327202,159.9972076416,247.0,0,0.01999988034366995,117.54659962654114,TRUNC
52440,29,-0.10100000000000052,601,1,0.0,-149.76481628418,-1201.1959228516,0,0.0,43.99455976486206,TRUNC
53458,30,19.32705758667067,509,26,258.04084777836,33.997215270996,-1138.9732666016,0,1.0,42.20685529708862,DEAD
55370,31,42.38898756253189,1779,67,741.64918518069,158.9972076416,-1092.0,0,0.6449961410835404,139.837397813797,TRUNC
56116,32,51.716260620119556,1329,100,1675.353385925323,68.295745849609,220.54997253418,0,0.0,101.61976313591003,TRUNC
56380,33,5.0339437155060995,505,8,110.31524658208002,-123.17256164551,-1465.05078125,0,0.32500403840095,35.659324645996094,DEAD
57730,34,39.637129745483065,675,111,1601.412014007556,140.89999389648,247.0,0,1.0000000000000002,50.45126986503601,DEAD
57926,35,22.035797271726782,905,30,349.643838882399,32.900001525879,-1139.6540527344,0,0.0,68.08373761177063,TRUNC
59342,36,50.86009039127991,806,148,1874.331161499063,162.30387878418,211.42623901367,0,0.9825000017881398,67.95756649971008,DEAD
60544,37,33.97274938964862,601,90,1574.368026733422,145.9972076416,216.0,0,0.9999999999999999,44.31303429603577,DEAD
60692,38,23.32349284362619,1383,36,373.150108337386,36.17174911499,-1139.8170166016,0,1.0,109.72067213058472,DEAD
62240,39,46.61956286621042,848,115,1676.43305969236,155.89999389648,217.90393066406,0,1.0,63.3779022693634,DEAD
63520,40,47.39138702392639,640,95,1660.405441284193,155.36943054199,197.81405639648,0,1.0,55.131906270980835,DEAD
63974,41,57.491693176272,1641,125,1699.1057434082081,69.206680297852,238.0,0,0.0,129.81932640075684,TRUNC
64594,42,25.62501538085911,537,72,1204.599617004393,100.20667266846,242.0,0,1.0,39.78628659248352,DEAD
65444,43,21.728672332763047,735,28,371.928485870364,35.997215270996,-1155.8049316406,0,0.0,54.707497119903564,TRUNC
65924,44,39.66026275634729,665,117,1613.443695068335,171.9972076416,204.0,0,1.0,49.93455791473389,DEAD
67034,45,33.43953521728404,555,91,1555.935073852497,147.9972076416,199.0,0,1.0,64.24160385131836,DEAD
68506,46,29.167967895507388,736,75,1278.671157836918,178.39944458008,239.0,0,1.0,59.96643948554993,DEAD
68572,47,54.596494689943746,1564,134,1475.874759674123,66.49723815918,245.0,0,0.0,145.079895734787,TRUNC
69990,48,34.7329908447266,742,73,1371.099807739257,276.85525512695,249.0,0,0.9999999999999998,60.282413482666016,DEAD
70802,49,28.688213562011533,406,67,1264.225280761717,182.19091796875,214.0,0,1.0,42.48291039466858,DEAD
71452,50,23.367936706542977,325,59,1090.397743225104,91.218521118164,242.25347900391,0,1.0,31.257572650909424,DEAD
610,1,-1.4112437667846365,305,15,202.939643859863,-75.720321655273,386.05093383789,0,0.0,35.90466022491455,TRUNC
866,2,-5.009020980834951,433,15,118.239112854003,-61.031410217285,313.8000793457,0,0.0,46.76636981964111,TRUNC
2272,3,-3.701032859802198,703,8,78.282531738279,-75.694534301758,278.09967041016,0,0.0,58.211639642715454,TRUNC
2554,4,-6.021493343353277,972,19,169.546867370603,-42.730304718018,266.64993286133,0,0.0,79.22336769104004,TRUNC
3080,5,-3.3066794052123902,404,15,145.767707824706,-75.7099609375,330.80017089844,0,0.0,29.135645151138306,TRUNC
3682,6,-2.1849999999999854,301,7,122.28066253663,-100.002784729,362.25021362305,0,0.0,21.515140056610107,TRUNC
4076,7,-5.3477356872558515,761,17,195.508338928223,-36.099998474121,243.79992675781,0,0.0,54.78623366355896,TRUNC
4380,8,-3.2369999999999837,349,5,84.24752044678,-102.002784729,378.40008544922,0,0.0,30.785747051239014,TRUNC
4978,9,-5.655638374328601,451,14,333.819313049313,-75.696105957031,281.80020141602,0,0.0,39.486124992370605,TRUNC
5270,10,-0.43050081634508164,445,11,130.94208526612,-97.002784729004,443.35055541992,0,0.0,37.23368978500366,TRUNC
5988,11,-5.377305343627926,505,16,221.608909606943,-60.002784729004,264.14962768555,0,0.0,44.005624294281006,TRUNC
6764,12,-4.987068813323975,388,15,134.045219421383,-52.793323516846,239.09979248047,0,0.0,28.88157367706299,TRUNC
7372,13,-5.369753623962401,304,6,78.315162658693,-75.780715942383,253.59986877441,0,0.0,21.365461826324463,TRUNC
7436,14,8.083773254394698,1083,24,250.07871246338,-87.684120178223,654.24774169922,0,1.0,82.47436547279358,DEAD
8008,15,-5.419638374328601,318,7,93.525352478023,-77.696105957031,274.69967651367,0,0.0,24.14910864830017,TRUNC
8094,16,-3.9840687179565255,329,8,90.703422546393,-75.793319702148,279.39996337891,0,0.0,25.21243381500244,TRUNC
8976,17,-3.7810687179565243,484,17,188.272270202643,-75.793319702148,360.8000793457,0,0.0,40.64729142189026,TRUNC
9216,18,-4.117108894348103,561,15,149.591819763177,-76.793319702148,317.64981079102,0,0.0,46.68903923034668,TRUNC
9824,19,-5.562068717956525,424,10,131.070625305173,-75.793319702148,306.00009155273,0,0.0,31.866523504257202,TRUNC
9948,20,-2.599176528930752,366,9,78.02117156983,-93.099998474121,360.99996948242,0,0.0,27.191209316253662,TRUNC
10496,21,-3.941638374328599,336,17,181.357154846193,-75.696105957031,338.5002746582,0,0.0,24.38951349258423,TRUNC
11228,22,-5.5942626113891505,366,11,125.768470764158,-75.793319702148,295.54971313477,0,0.0,25.998069524765015,TRUNC
11848,23,10.118572975158873,950,31,435.937309265136,-87.793327331543,728.89379882813,0,0.0,69.4638409614563,TRUNC
12066,24,-5.426305343627926,419,11,200.397636413573,-69.002784729004,286.35000610352,0,0.0,35.64048957824707,TRUNC
12882,25,12.267666221618715,517,33,217.062889099116,-41.002784729004,868.28997802734,0,0.0,51.81260347366333,TRUNC
13688,26,1.4553612442016322,811,27,570.975875854487,170.30387878418,232.19958496094,0,0.0,69.37954378128052,TRUNC
14324,27,-5.3870687179565255,318,9,110.121955871583,-75.793319702148,282.14981079102,0,0.0,26.119393825531006,TRUNC
14596,28,34.65398109436077,857,58,1017.3612976074,186.3553314209,1342.8487548828,0,0.0625,65.25198411941528,TRUNC
14758,29,1.284540237426755,81,5,75.51615905762,181.25187683105,1392.1479492188,0,0.9375,8.544652938842773,DEAD
14930,30,-1.3787856521606408,303,15,318.742225646973,-76.421997070313,511.5016784668,0,0.0,28.294577598571777,TRUNC
15776,31,-5.375305343627926,423,10,119.666999816893,-68.002784729004,282.70004272461,0,0.0,30.06656503677368,TRUNC
16208,32,-3.6629710083007634,725,9,127.275161743163,-75.793319702148,282.04968261719,0,0.0,54.66355299949646,TRUNC
16810,33,4.300000000000027,301,26,296.906455993656,-81.002784729004,524.76171875,0,0.0,27.825157165527344,TRUNC
16820,34,2.0399311866760277,522,25,442.041709899903,-57.793323516846,649.30438232422,0,0.0,43.01155734062195,TRUNC
19392,35,-6.306362070083593,1286,23,198.690589904783,-31.725053787231,232.39979553223,0,0.0,95.88362431526184,TRUNC
19400,36,63.53022537411787,1295,71,1241.0377044678,441.36279296875,1205.1545410156,3,0.9949947949498905,97.06529545783997,TRUNC
20534,37,-0.28506869366762455,567,12,135.450462341313,-57.793323516846,255.44984436035,3,0.01999988034366995,54.18511199951172,TRUNC
21060,38,-3.364305343627873,834,38,805.093727111813,49.997215270996,216.0,0,0.0,74.22699666023254,TRUNC
22290,39,0.5788129596710672,878,31,351.054740905762,2.2796802520752,187.45059204102,3,0.0,61.85812497138977,TRUNC
22906,40,-4.1814868698119865,308,11,169.32950592040999,-34.099998474121,-98.95401763916,3,0.0,22.71660876274109,TRUNC
23618,41,0.8756793899536675,1279,50,593.925605773927,170.31660461426,218.85000610352,0,0.0,90.96322727203369,TRUNC
24660,42,-2.8852278137206526,877,41,682.790092468261,88.206672668457,-223.90296936035,3,0.0,68.61235117912292,TRUNC
25274,43,-5.125316795349126,307,9,149.312988281251,-53.002784729004,-876.6953125,3,0.0,22.39747714996338,TRUNC
26016,44,-4.321038093566838,371,8,119.33244323731,-70.002784729004,-897.09552001953,3,0.0,26.27604079246521,TRUNC
26360,45,8.232361244201735,1371,41,567.422386169437,171.30387878418,198.0,0,1.0,105.11101150512695,DEAD
26622,46,-3.3381159057617356,303,7,86.86427307126999,-149.72032165527,-997.39361572266,3,0.0,23.055872917175293,TRUNC
26736,47,0.38526837520301305,57,5,61.46946716308,-160.79333496094,-1023.7423706055,3,0.97000017948449,5.722419023513794,DEAD
28158,48,-5.44606876564025,899,22,267.635385513306,-27.793321609497,250.49998474121,0,0.0,75.39420223236084,TRUNC
28936,49,2.364555880069795,1100,35,381.294496536255,3.9000000953674,280.51583862305,3,0.0,96.65340900421143,TRUNC
29222,50,3.5609313297271887,532,31,451.010353088383,-31.7933177948,627.19909667969,0,0.0,48.35686993598938,TRUNC
29610,51,0.24923662567141136,337,19,277.097984313966,-80.793319702148,397.35049438477,3,0.0,26.958705186843872,TRUNC
32148,52,8.134416603088535,1463,49,569.275962829587,170.38609313965,199.0,0,1.0,105.91542363166809,DEAD
32490,53,76.6395812619916,1440,92,1349.2588729858298,443.20666503906,1194.4815673828,7,0.26834811270237,105.80340671539307,TRUNC
33716,54,3.880491729736269,613,5,45.68478393555,433.37689208984,1194.4254150391,7,0.0,57.64821934700012,TRUNC
34148,55,3.4855913683176256,216,5,45.748229980459996,433.37689208984,1194.4964599609,7,0.73165188729763,16.784964323043823,DEAD
34674,56,2.5199309005736947,1263,49,623.734947204587,170.20666503906,239.0,0,1.0,108.33671283721924,DEAD
35856,57,0.06032812023165235,854,31,359.826232910153,5.6225538253784,204.25,7,0.0,68.02871704101562,TRUNC
36910,58,-5.29369432640075,527,7,63.831184387211,-26.953809738159,-76.248519897461,7,0.0,53.42714190483093,TRUNC
37374,59,1.5239309005736983,1350,59,732.5893936157249,166.20666503906,249.0,0,1.0,121.30083799362183,DEAD
38348,60,-4.863205535888659,719,11,142.6735572814921,-3.0027847290039,-41.398628234863,7,0.0,55.2574520111084,TRUNC
39758,61,-4.253941050052612,705,15,138.8544611930846,7.3038954734802,4.4330263137817,7,0.0,65.50870895385742,TRUNC
40328,62,5.032584785461415,1477,47,594.679710388177,170.31282043457,214.85003662109,0,1.0,129.57235050201416,DEAD
40684,63,-4.350765023231491,463,12,124.01635718345648,5.9000005722046,-15.116837501526,7,0.0,42.56608819961548,TRUNC
41446,64,-2.387720878601073,381,8,93.478164672851,5.9972152709961,-18.616830825806,7,1.0,47.62861609458923,DEAD
41544,65,7.4175007629395,608,40,616.315299987798,-51.002784729004,827.79156494141,0,0.0,67.76691508293152,TRUNC
44312,66,3.4082211380005574,1384,51,606.697349548342,170.30603027344,258.9499206543,0,1.0,140.35632348060608,DEAD
44318,67,6.720931270122894,1436,28,376.8259658813481,6.2066798210144,247.64987182617,7,0.0,145.78966164588928,TRUNC
45886,68,-4.105000023841858,784,13,99.79286384582551,6.9972143173218,8.8013973236084,7,0.0,73.76804232597351,TRUNC
46478,69,4.951671592712415,1083,46,570.125862121577,170.35629272461,197.0,0,1.0,102.1317789554596,DEAD
47520,70,-2.6370747766494644,817,13,132.97541809082009,6.3542242050171,4.5514192581177,7,0.0,64.16020154953003,TRUNC
48126,71,-1.4971620693504866,303,6,72.243908882142,0.20667907595634,19.851289749146,7,0.0,21.98065447807312,TRUNC
49062,72,4.410440635681189,468,7,68.5674266815181,1.9972152709961,29.201221466064,7,1.0,32.40845966339111,DEAD
49260,73,4.5341673202514094,1391,51,627.1353530883771,171.05612182617,255.74984741211,0,1.0,104.30964159965515,DEAD
49700,74,1.4319168853759816,319,22,293.636604309083,-76.953895568848,493.60049438477,7,0.0,29.180837631225586,TRUNC
51226,75,37.76882936096264,763,73,1015.63048553465,184.27967834473,1252.4005126953,7,0.0,53.08371710777283,TRUNC
51832,76,-4.247279579162742,303,2,59.87680053718003,120.34713745117,1301.0,7,0.0,22.8066725730896,TRUNC
52188,77,6.011416603088408,1464,49,633.725288391117,170.38609313965,259.25003051758,0,1.0,104.03454828262329,DEAD
52594,78,-4.965000000000001,381,1,9.90351867678001,105.997215271,1301.0,7,0.0,27.864577531814575,TRUNC
53916,79,-2.3865698471069723,661,6,170.70645141597998,125.9972076416,1301.2041015625,7,0.0,53.764480113983154,TRUNC
54286,80,3.8726793899537215,1049,43,592.128257751457,170.31660461426,223.39994812012,0,0.0,82.57836079597473,TRUNC
54518,81,-4.8580000000000005,301,1,0.0,102.08332824707,1301.2041015625,7,0.0,21.800166130065918,TRUNC
55120,82,-4.846000000000001,301,1,0.0,102.08332824707,1301.2041015625,7,0.0,21.320608377456665,TRUNC
55722,83,-4.843000000000001,301,1,0.0,102.08332824707,1301.2041015625,7,0.0,22.76355504989624,TRUNC
56184,84,6.820416603088431,949,41,594.091819763187,170.38609313965,214.69998168945,0,1.0,69.0236542224884,DEAD
56324,85,-4.852,301,1,0.0,102.08332824707,1301.2041015625,7,0.0,21.815391063690186,TRUNC
56450,86,-1.575,63,1,0.0,102.08332824707,1301.2041015625,7,1.0,4.991938829421997,DEAD
56792,87,7.470931282043518,304,31,459.896873474113,-78.793319702148,684.52191162109,0,0.0,22.68523406982422,TRUNC
57588,88,3.425222932815614,569,13,204.552833557129,-31.7933177948,218.0,7,0.0,47.39606499671936,TRUNC
58892,89,5.8378340988159625,1050,37,713.073928833017,170.36279296875,249.79995727539,0,0.0,80.8550238609314,TRUNC
59734,90,-1.2532274837493693,1073,21,195.327079772949,6.2796802520752,96.666534423828,7,0.0,75.14502358436584,TRUNC
60572,91,-4.250695432186097,419,6,79.71861314773611,6.9000000953674,-15.532962799072,7,0.0,30.15168023109436,TRUNC
60588,92,4.733679389953752,848,42,583.264068603507,170.31660461426,219.0,0,0.0,60.3658230304718,TRUNC
61204,93,-4.892462907314291,316,6,42.730335235596,6.9000000953674,-28.282888412476,7,0.0,23.911744832992554,TRUNC
61978,94,8.558304618835454,695,36,621.245033264157,170.34161376953,254.0,0,1.0,56.75539207458496,DEAD
62548,95,-3.871404594421342,672,22,574.006530761721,88.303894042969,-36.782825469971,7,0.0,55.491514444351196,TRUNC
63392,96,-4.5630267562866145,422,9,99.62374114990499,88.361305236816,-492.3825378418,7,0.0,31.01692271232605,TRUNC
63490,97,3.829165000915447,756,40,586.486946105957,170.33602905273,203.84999084473,0,0.0,55.926390171051025,TRUNC
63846,98,-1.7657455368042,227,6,60.600193023675,88.206680297852,-459.23236083984,7,1.0,17.149545192718506,DEAD
65064,99,7.725721183776954,787,43,582.726051330567,170.35827636719,200.0,0,1.0,58.00772500038147,DEAD
66024,100,2.9781658401489874,1089,30,393.72571563720703,6.1360626220703,238.84997558594,7,0.0,85.06756711006165,TRUNC
66826,101,3.9766793899536985,881,43,585.4851760864269,170.31660461426,212.7999420166,0,0.0,70.55867624282837,TRUNC
67308,102,-1.019763386249529,642,6,66.1278786659248,5.2066788673401,22.10150718689,7,0.0,46.74975657463074,TRUNC
68404,103,8.412679389953684,789,44,621.675376892087,170.31660461426,239.79989624023,0,1.0,58.96320390701294,DEAD
68708,104,-1.0507796778678502,700,9,86.09003639221099,7.3038945198059,13.601523399353,7,0.0,53.04631209373474,TRUNC
70110,105,2.116679389953692,853,56,728.5650405883771,170.31660461426,247.84999084473,0,0.0,68.91143774986267,TRUNC
70488,106,2.1380005450249424,890,13,108.722928881644,5.2066798210144,16.151472091675,7,0.0,71.73737716674805,TRUNC
71176,107,2.0102328891754193,344,5,51.35663461685197,4.3582887649536,5.1015357971191,7,1.0,25.451613664627075,DEAD
72086,108,12.146370613098188,988,38,593.9850997924771,170.34425354004,209.0,0,0.0,73.40459990501404,TRUNC
72516,109,1.416361637592357,670,26,368.6352181434631,5.3038945198059,253.49989318848,7,0.0,49.461575508117676,TRUNC
73490,110,-1.802370826244338,487,8,55.441741943359204,5.3038945198059,8.7017803192139,7,0.0,36.69157648086548,TRUNC
73730,111,7.802464454650952,822,41,632.725303649897,170.34800720215,253.19985961914,0,0.0,69.48859405517578,TRUNC
74288,112,-0.37192604875562996,399,27,488.243569374081,3.3768954277039,335.10052490234,7,0.0,38.07869362831116,TRUNC
75224,113,-0.22170319843289654,468,14,160.6418073177335,4.2066793441772,98.801513671875,7,0.0,35.03905892372131,TRUNC
75346,114,7.200721183776975,808,42,627.678062438957,170.35827636719,245.0,0,0.0,59.96192169189453,TRUNC
76526,115,-0.9867633981704529,651,11,108.39420676231363,5.2066793441772,10.401928901672,7,0.0,47.5855667591095,TRUNC
76900,116,6.630721183776952,777,44,578.708992004397,170.35827636719,205.0,0,0.0,57.1544463634491,TRUNC
77180,117,-1.854654575824719,327,5,50.773691654205905,4.9972147941589,17.201862335205,7,0.0,23.916963815689087,TRUNC
78132,118,-2.9873330157995066,476,15,509.56365001202414,5.3038945198059,310.45043945313,7,0.0,39.986199617385864,TRUNC
78436,119,0.6845833816528031,152,13,214.812507629396,-33.793319702148,248.39988708496,7,1.0,10.490219116210938,DEAD
78500,120,7.078416603088468,800,47,623.958106994637,170.38609313965,256.19985961914,0,0.0,62.87355828285217,TRUNC
79548,121,3.5286946563721315,556,22,316.1262798309331,1.9972152709961,211.39996337891,7,0.0,38.99605703353882,TRUNC
79684,122,9.526679389953687,592,40,611.678222656247,170.31660461426,245.84999084473,0,1.0,41.35078954696655,DEAD
80224,123,-0.7266401207446975,338,7,68.8342378139496,1.2066791057587,16.75128364563,7,0.0,24.856508493423462,TRUNC
81030,124,-1.2049877495765577,403,7,66.789521217346,4.9000000953674,10.801328659058,7,0.0,27.927489042282104,TRUNC
81176,125,5.586972190856937,746,44,627.134971618647,170.36831665039,251.59983825684,0,0.0,53.051302433013916,TRUNC
81746,126,-1.1451736679077147,358,5,44.0529766082764,3.9972152709961,9.9513282775879,7,0.0,25.494401216506958,TRUNC
82514,127,-0.8784477453231743,384,7,78.4139268398291,4.2110633850098,14.201277732849,7,0.0,32.970179319381714,TRUNC
82558,128,10.627679389953693,691,40,608.375434875487,170.31660461426,245.0,0,1.0,55.494455099105835,DEAD
83440,129,-1.261763398170459,463,7,102.46430587768519,5.2066793441772,36.301139831543,7,0.0,33.700942516326904,TRUNC
1772,1,26.44541098022405,886,9,101.31387329101,384.30392456055,270.49649047852,3,0.0625,100.15283989906311,TRUNC
2918,2,13.992298276692761,573,9,143.03065490723,383.99722290039,251.74980163574,4,0.87099559232593,64.25094413757324,TRUNC
3302,3,1.4853111877442275,1651,18,230.365173339844,-32.002784729004,243.24995422363,0,0.0,181.5263180732727,TRUNC
3318,4,11.76688499450688,200,10,187.98445129395,509.20669555664,252.0,4,1.0,20.2562198638916,DEAD
4320,5,2.499000000000015,501,1,0.0,364.99722290039,200.0,4,0.0,44.99478244781494,TRUNC
4712,6,12.741097015380873,196,11,194.66519165039,513.20672607422,240.0,4,0.9999999999999999,16.955969095230103,DEAD
5264,7,13.108478378295823,276,10,224.49061584472,513.20672607422,264.5500793457,4,1.0,22.795641899108887,DEAD
5386,8,-1.365231296539236,1042,10,84.761711120605,-31.7933177948,105.35083007813,0,0.0,93.09821629524231,TRUNC
5514,9,1.1253952789306587,125,2,31.614486694329997,385.17535400391,255.43782043457,4,1.0,10.645111799240112,DEAD
6882,10,21.183810977100766,684,12,175.58734130859,513.35278320313,222.44982910156,5,0.23749999701976998,56.58569526672363,TRUNC
7242,11,-1.2475923614501583,928,6,63.303344726563,-33.640869140625,92.645843505859,0,1.0,76.94912648200989,DEAD
8024,12,16.82931536102256,571,11,231.880561828608,513.37298583984,222.29193115234,5,0.0,47.08907461166382,TRUNC
9026,13,-1.7510000000000003,501,1,0.0,364.99722290039,205.0,5,0.0,46.29102873802185,TRUNC
9638,14,1.9496182937621458,1198,24,231.28574371338,-32.086166381836,256.44995117188,0,0.0,104.04349517822266,TRUNC
10270,15,22.04413468170133,622,19,296.601036071775,513.20672607422,235.3999786377,5,0.0,51.5816707611084,TRUNC
11560,16,-1.1847594223022204,961,4,59.357490539550994,-45.473510742188,57.649837493896,0,0.0,80.221107006073,TRUNC
11628,17,21.50700067138648,679,17,324.866760253901,513.06939697266,250.3498840332,5,0.0,57.50137686729431,TRUNC
13242,18,-1.3709458122254154,841,4,61.25547409057099,-50.628715515137,56.799842834473,0,0.0,73.97576475143433,TRUNC
14334,19,-0.8915032157897169,546,4,39.433269500733005,-55.002784729004,52.749919891357,0,0.0,45.10130286216736,TRUNC
14568,20,60.31281921386752,1470,50,899.39660644531,695.69842529297,256.3498840332,5,1.0,125.59157109260559,DEAD
14844,21,-0.08856527328507813,255,4,54.351192474361,-59.002784729004,45.780513763428,0,1.0,22.533217191696167,DEAD
16856,22,1.9909336509703035,1006,22,222.65439987182702,-32.793315887451,237.0,0,0.0,86.74646043777466,TRUNC
17388,23,64.48953445434641,1410,51,1000.9943542480501,704.20672607422,217.0998840332,6,0.0625,121.71809005737305,TRUNC
17914,24,-0.7733607330321637,529,4,44.070510864258,-61.099998474121,46.522148132324,0,0.0,45.12128758430481,TRUNC
19190,25,-1.1431367378234425,638,3,33.81920242309499,-64.930870056152,42.568183898926,0,0.0,52.631844997406006,TRUNC
20476,26,63.63592584228581,1544,53,1015.52044677734,704.20672607422,216.0,6,0.0,128.8200306892395,TRUNC
20718,27,-1.9422611656189606,764,3,38.921474456784,-64.002784729004,45.822151184082,0,0.0,68.14874982833862,TRUNC
22508,28,-1.5399770736694953,895,4,49.697532653805,-54.684120178223,59.917873382568,0,1.0,73.99583768844604,DEAD
23848,29,2.4024287223814613,670,19,227.68740463256898,-32.793315887451,242.69998168945,0,0.0,55.14406681060791,TRUNC
24356,30,82.87601242065399,1940,68,1148.10946655274,663.30950927734,218.0,7,1.0,164.92938494682312,DEAD
25358,31,-1.251,501,1,0.0,364.99722290039,198.0,7,0.0,60.93980813026428,TRUNC
26458,32,-0.9135213851927824,1305,6,78.717720031738,-39.002784729004,68.910621643066,0,0.0,127.67698192596436,TRUNC
27018,33,51.51412399292114,830,49,1038.85580444337,722.20672607422,242.0,7,0.0,69.06057095527649,TRUNC
28020,34,-2.0010000000000003,501,1,0.0,364.99722290039,204.0,7,0.0,41.40156531333923,TRUNC
28414,35,-1.2669621925353622,978,5,58.06918716430701,-47.002784729004,65.399795532227,0,0.0,81.22637701034546,TRUNC
29022,36,-2.0010000000000003,501,1,0.0,364.99722290039,199.0,7,0.0,45.238343954086304,TRUNC
29802,37,-0.04155023002619007,694,7,92.829984664917,-34.002784729004,80.987335205078,0,1.0,61.14975547790527,DEAD
31184,38,53.48841848755026,1081,52,1038.37777709961,704.09448242188,239.0,7,0.0,91.30493235588074,TRUNC
31214,39,2.174322990417355,706,17,214.685935974122,-32.696105957031,233.55000305176,0,0.0,60.15478014945984,TRUNC
32898,40,-0.7657678909300891,842,5,62.689292907714,-33.793319702148,78.199798583984,0,0.0,72.99789381027222,TRUNC
33426,41,54.12068304443497,1121,48,1046.30426025391,704.20672607422,249.0,7,0.0,96.3596076965332,TRUNC
34820,42,-1.252841125488272,961,7,91.26390075683099,-32.696105957031,110.49976348877,0,0.0,80.04385638237,TRUNC
35310,43,56.754493072510876,942,47,1013.51608276368,704.09448242188,214.0,7,0.0,78.83073496818542,TRUNC
36856,44,-0.9419775466919078,1018,6,103.39127349852899,-33.723472595215,127.49978637695,0,0.0,85.13441228866577,TRUNC
37000,45,56.04685974121153,845,48,1036.73498535156,713.99725341797,243.0,7,0.0,73.67425203323364,TRUNC
37480,46,-1.066918975830042,312,5,78.58647155761798,-33.793319702148,113.8996963501,0,1.0,29.459484577178955,DEAD
38784,47,95.04194012451083,892,65,2050.62152099612,1412.2066650391,236.0,7,0.0625,74.91631770133972,TRUNC
39114,48,1.4846333770753155,817,13,178.30105590820398,-33.793319702148,200.0,0,0.0,70.44572162628174,TRUNC
39786,49,-2.0010000000000003,501,1,0.0,364.99722290039,197.0,7,0.0,43.50370931625366,TRUNC
40344,50,-0.9300586128234329,615,5,65.985980987547,-33.720317840576,122.1499786377,0,0.0,51.46596550941467,TRUNC
41600,51,108.20227124023336,907,59,2057.7012939453502,1414.0944824219,243.0,10,0.0,78.81974220275879,TRUNC
41726,52,-0.7886422119139302,691,6,97.68736267090301,-34.002784729004,120.45006561279,0,0.0,62.41937470436096,TRUNC
43408,53,94.6904877624501,904,64,2069.9080505371303,1412.2066650391,255.0,10,0.0,77.06186270713806,TRUNC
44700,54,-0.6100147743223518,1487,13,135.4080619812,-33.696105957031,190.99949645996,0,0.0,125.76168465614319,TRUNC
45166,55,91.1902753624909,879,61,2034.8747863769902,1411.2066650391,220.0,10,0.16971343755722001,78.62578511238098,TRUNC
46882,56,95.3027896423315,858,58,2027.91354370121,1407.4973144531,213.0,11,0.0625,71.3194465637207,TRUNC
46894,57,0.3881627159120873,1097,16,179.511013031014,-34.002784729004,240.0,0,0.0,95.06213593482971,TRUNC
48354,58,0.27249332427984285,730,9,106.388633728027,-34.002784729004,152.45069885254,0,0.0,60.502965211868286,TRUNC
48542,59,92.53617874145228,830,61,2069.8747863769904,1411.2796630859,255.0,11,0.0,69.52448868751526,TRUNC
49522,60,0.8118942794800574,584,9,96.89757537842101,-37.002784729004,142.56045532227,0,0.0,52.3265106678009,TRUNC
50284,61,89.73590383910906,871,58,2057.8747863769904,1410.3038330078,243.0,11,0.0,75.78515577316284,TRUNC
51648,62,-0.6436764221190665,1063,9,87.22520446777,-34.696105957031,145.96035766602,0,0.0,88.74884057044983,TRUNC
51830,63,91.0151948852537,773,61,2031.15728759771,1408.9000244141,219.0,11,0.0,64.81754517555237,TRUNC
52758,64,-0.3084699630735961,555,5,65.018440246587,-37.696105957031,133.21060180664,0,1.0,46.33199691772461,DEAD
53796,65,90.91720996093463,983,60,2066.4840087891002,1408.3038330078,254.0,11,0.0,84.91232943534851,TRUNC
54642,66,2.12486912536596,942,17,228.97634124755902,-33.623104095459,256.0,0,0.0,81.35702586174011,TRUNC
54798,67,-0.9509999999999923,501,1,0.0,364.99722290039,203.0,11,0.0,41.8571298122406,TRUNC
55800,68,-1.401,501,1,0.0,364.99722290039,200.0,11,0.0,41.70444416999817,TRUNC
56574,69,-1.279340225219567,966,8,106.02505493164601,-34.793319702148,137.00129699707,0,0.0,81.07732629776001,TRUNC
57304,70,88.89206173705782,752,57,2021.70590209965,1407.2796630859,210.24995422363,11,0.0,63.376789569854736,TRUNC
57984,71,0.7887987136840602,705,15,180.033454895013,-36.002784729004,238.15020751953,0,0.0,62.53925371170044,TRUNC
58892,72,89.82123117065268,794,58,2047.95761108396,1407.2066650391,233.0,11,0.0,69.67732858657837,TRUNC
59696,73,-0.8325005493162936,856,8,75.23344421387101,-35.002784729004,131.90153503418,0,0.0,71.70822930335999,TRUNC
60404,74,-0.7545578804016124,354,5,51.388896942136,-35.696670532227,114.90160369873,0,1.0,29.33665680885315,DEAD
60494,75,89.42423117065253,801,57,2061.95761108396,1407.2066650391,247.0,11,0.0,67.1137101650238,TRUNC
62036,76,89.18974844360314,771,57,2024.01968383793,1405.6928710938,209.0,11,0.0,67.7417049407959,TRUNC
62330,77,1.3658764953614417,963,13,183.776832580567,-35.623104095459,218.0,0,0.0,84.06341409683228,TRUNC
63586,78,89.10000076189341,775,57,2057.90237426761,1407.1849365234,243.0,11,0.08875000104307995,65.27884769439697,TRUNC
63688,79,-0.9683881988525256,679,5,69.372009277341,-35.793319702148,127.90082550049,0,0.0,57.608681201934814,TRUNC
65042,80,89.09723117065269,728,57,2059.95761108396,1403.2066650391,245.0,11,0.0,62.32583498954773,TRUNC
65218,81,-0.5543799209594376,765,9,95.427330017086,-35.696105957031,133.00079345703,0,0.0,65.58554410934448,TRUNC
66044,82,-2.0010000000000003,501,1,0.0,364.99722290039,205.0,11,0.0,45.51133131980896,TRUNC
67158,83,-1.3431298255919648,970,6,84.895755767824,-35.623104095459,120.25076293945,0,0.0,84.2311475276947,TRUNC
67598,84,87.08017071532824,777,54,2060.52423095702,1404.2796630859,246.0,11,0.0,65.19853830337524,TRUNC
67990,85,-0.5257655105590457,416,5,58.684501647948,-36.002784729004,115.15071105957,0,1.0,35.2244758605957,DEAD
69134,86,88.20781359863074,768,56,2059.5242919922302,1405.3038330078,245.0,11,0.0,64.4367744922638,TRUNC
70690,87,88.56882525634562,778,56,2050.28814697265,1396.2889404297,238.0,11,0.0,68.22959923744202,TRUNC
70998,88,1.1998272857666357,1504,15,209.113983154297,-35.793319702148,238.0,0,0.0,128.7868845462799,TRUNC
72190,89,89.83119735717514,750,59,2060.10763549806,1404.9971923828,245.0,11,0.0,62.65567469596863,TRUNC
73596,90,-1.643577960968018,1299,6,64.414180755611,-35.696105957031,115.66655731201,0,0.0,108.38526821136475,TRUNC
73750,91,89.6845486459858,780,58,2042.8747863769902,1399.9971923828,228.0,11,0.058155974373219954,68.6832983493805,TRUNC
75190,92,89.39600021362233,720,59,2040.62216186527,1405.9000244141,230.0,11,0.0,59.98428440093994,TRUNC
75644,93,-1.5487616386413432,1024,5,47.560527801511995,-36.66393661499,118.21645355225,0,1.0,89.28334093093872,DEAD
76600,94,87.45521076611892,705,55,2050.5191955566297,1400.9971923828,236.0,11,0.057159991934899956,59.057464361190796,TRUNC
78082,95,87.59801680675996,741,55,2021.27117919921,1403.9971923828,209.0,11,0.003801491577180016,65.53877449035645,TRUNC
78500,96,1.325653259277399,1428,17,214.43571472168003,-36.793319702148,245.0,0,0.0,122.8652184009552,TRUNC
79642,97,86.5258892935027,780,54,2047.36923217772,1402.2468261719,238.0,11,0.0017210275400399988,65.05778574943542,TRUNC
80326,98,-1.045088699340702,913,9,94.444198608403,-37.002784729004,131.10147094727,0,0.0,75.98680210113525,TRUNC
81154,99,90.40920553439629,756,60,2046.97879028324,1402.3038330078,238.0,11,0.08825836330652004,63.31672501564026,TRUNC
81486,100,-0.5426259613035573,580,5,56.54351806641201,-37.002784729004,119.20146179199,0,0.0,48.8975567817688,TRUNC
82696,101,-0.22766090393072114,605,10,93.54495239257099,-37.002784729004,143.85119628906,0,0.0,53.598512172698975,TRUNC
82712,102,87.60070001287428,779,55,2062.4983520508003,1402.2796630859,256.0,11,0.029999999329449967,68.4338972568512,TRUNC
83290,103,-0.45155265045165516,297,5,55.743202209470994,-36.793319702148,122.60137176514,0,1.0,25.01563310623169,DEAD
84220,104,86.56673348998855,754,54,2028.02120971683,1402.3582763672,219.0,11,0.0,62.93322539329529,TRUNC
85710,105,88.48510101318074,745,57,2060.49188232426,1402.2962646484,254.0,11,0.0,62.25794315338135,TRUNC
85942,106,0.7690625991822602,1326,13,170.190376281738,-36.623672485352,208.0,0,0.0,110.82237553596497,TRUNC
87020,107,80.36117965697954,655,41,2057.8748474121503,1402.2796630859,249.0,11,0.0,58.0603506565094,TRUNC
87140,108,0.20868446922309847,599,13,94.284601211549,-37.696105957031,136.05749511719,0,0.0,53.421436071395874,TRUNC
88486,109,-0.26649815368634355,673,13,138.433456420906,-37.002784729004,171.86596679688,0,0.0,56.64179587364197,TRUNC
88556,110,88.77812059742071,768,58,2042.23342895512,1402.3582763672,236.0,11,0.07071366161107995,64.82385659217834,TRUNC
90148,111,88.32721586064916,796,57,2063.4840087891002,1401.2066650391,251.0,11,0.01907906122505998,70.33984613418579,TRUNC
90918,112,-0.5184052619933803,1216,14,147.92312240599898,-38.002784729004,164.21594238281,0,1.0,105.39312505722046,DEAD
91150,113,-2.0010000000000003,501,1,0.0,364.99722290039,200.0,11,0.0,41.733217000961304,TRUNC
92152,114,-2.0010000000000003,501,1,0.0,364.99722290039,198.0,11,0.0,41.7193706035614,TRUNC
92622,115,0.854665344238343,852,14,152.636520385739,-40.793319702148,209.84996032715,0,0.0,71.66705513000488,TRUNC
94430,116,86.5476138163922,1139,55,2036.84121704106,1401.3768310547,231.0,11,0.052394514903429945,98.71137523651123,TRUNC
94768,117,-0.7859670333862532,1073,8,98.75527191161099,-40.696105957031,148.65046691895,0,0.0,92.47626686096191,TRUNC
95772,118,0.09695370483408894,502,9,88.482711791995,-40.793319702148,141.00032043457,0,0.0,42.643678188323975,TRUNC
96058,119,85.99733377141825,814,53,2051.51858520506,1401.2962646484,245.0,11,0.029999999329449967,68.76124405860901,TRUNC
97080,120,0.202038131713969,654,7,87.928131103516,-37.793319702148,128.25048828125,0,0.0,54.90404772758484,TRUNC
97480,121,85.27727679909466,711,52,2026.01937866215,1401.2796630859,217.0,11,0.02007082663476001,59.59411907196045,TRUNC
98380,122,-0.9025495529173997,650,7,92.441246032715,-38.793319702148,131.49990844727,0,0.0,57.80945372581482,TRUNC
98540,123,-0.7577898025511454,80,4,71.897468566902,-44.002784729004,128.09992980957,0,1.0,7.115241765975952,DEAD
98994,124,86.85429867553633,757,54,2023.02877807621,1401.2066650391,214.0,11,0.0,67.04900407791138,TRUNC
100402,125,88.96756555175499,704,59,2048.52099609373,1397.9971923828,242.0,11,0.0,59.36823320388794,TRUNC
100832,126,0.8837711944581552,1146,14,168.176910400391,-37.793319702148,205.0,0,0.0,96.4270350933075,TRUNC
102088,127,-0.9210411529541138,628,9,113.183898925776,-41.696105957031,129.35084533691,0,0.0,52.48077058792114,TRUNC
102166,128,87.9092423706024,882,57,2056.24737548832,1400.3038330078,247.0,11,0.0,73.9602837562561,TRUNC
103168,129,-2.0010000000000003,501,1,0.0,364.99722290039,198.0,11,0.0,45.427666425704956,TRUNC
103806,130,11.468280921936275,859,43,673.652259826654,65.997215270996,124.299949646,0,0.0,76.01451969146729,TRUNC
104580,131,84.94387777709917,706,52,2021.1861267090298,1397.9000244141,215.0,11,0.0,59.62774324417114,TRUNC
104842,132,0.344945556640587,518,12,164.35773468016902,65.194389343262,-387.39883422852,0,0.0,43.37465023994446,TRUNC
105582,133,-2.0010000000000003,501,1,0.0,364.99722290039,201.0,11,0.0,41.64640760421753,TRUNC
106268,134,-0.9375194816588273,713,9,107.75120925903701,64.279685974121,-392.49893188477,0,1.0,59.94611954689026,DEAD
106990,135,86.83366174316161,704,55,2054.78833007817,1396.4973144531,246.0,11,0.0,62.75722932815552,TRUNC
108570,136,86.62738412551406,790,55,2015.7003479004302,1400.3768310547,208.54997253418,11,0.029509337618950027,65.82024121284485,TRUNC
109274,137,0.9948074264527578,1503,16,199.3793258667,-37.793319702148,232.84999084473,0,0.0,128.7181112766266,TRUNC
110052,138,86.28958778714798,741,54,2022.12210083008,1398.9971923828,213.0,11,0.0008265500073300069,62.119945764541626,TRUNC
110990,139,-1.2141223602294529,858,7,99.59184265136601,-39.002784729004,120.65117645264,0,0.0,75.60938477516174,TRUNC
111516,140,88.68478068421578,732,58,2051.09222412114,1398.9971923828,245.0,11,0.023353287950160007,65.35397148132324,TRUNC
112442,141,-0.9478304061890039,726,6,108.54463958739599,-38.002784729004,126.60087585449,0,0.0,61.30636024475098,TRUNC
113020,142,85.90349301214415,752,54,2021.97506713871,1399.2066650391,213.0,11,0.029999999329449967,63.13469052314758,TRUNC
113770,143,1.4570794830323055,664,7,111.412872314451,-41.696105957031,135.10078430176,0,0.0,55.91022729873657,TRUNC
113944,144,-0.3320818252564022,87,4,60.991569519037995,-42.793319702148,110.45074462891,0,1.0,7.261957406997681,DEAD
114574,145,88.019710896416,777,57,2054.4776000977,1398.3563232422,248.0,11,0.024977641180159993,65.30103731155396,TRUNC
115972,146,1.6054248199463839,1014,18,209.48715209961,-38.793319702148,248.0,0,0.0,87.95107960700989,TRUNC
115992,147,83.49071633978058,709,48,2060.02005004886,1398.3249511719,251.0,11,0.029999999329449967,62.6968355178833,TRUNC
117416,148,86.16284207153244,712,53,2039.93167114261,1398.2066650391,231.0,11,0.0,59.76672863960266,TRUNC
118376,149,-1.3437424774169937,1202,6,59.6869354248,-38.793319702148,126.00009155273,0,0.0,101.00513553619385,TRUNC
118418,150,-2.0010000000000003,501,1,0.0,364.99722290039,198.0,11,0.0,42.372663736343384,TRUNC
119858,151,-0.7917147979734278,741,8,93.742111206065,-39.002784729004,125.15002441406,0,0.0,66.1485161781311,TRUNC
120038,152,85.74294685147626,810,53,2056.18612670903,1398.2066650391,250.0,11,0.28113014437258,71.54638147354126,TRUNC
120974,153,-0.6486280136107565,558,6,52.478279113770995,-40.696105957031,114.10003662109,0,0.0,47.1851110458374,TRUNC
121484,154,88.96750262927803,723,59,2034.49230957035,1397.9971923828,228.0,11,0.02063262462616,60.990519523620605,TRUNC
121614,155,0.6928950881959275,320,5,78.28653717041499,-41.099998474121,120.04991912842,0,1.0,27.46549916267395,DEAD
122956,156,85.63016043090731,736,53,2026.01956176761,1398.2066650391,217.0,11,0.0,65.96729564666748,TRUNC
124318,157,13.807350147247458,1352,54,837.336162567136,65.279685974121,247.0,0,0.0,116.95314908027649,TRUNC
124392,158,85.93545016546199,718,53,2059.0262145996203,1397.2796630859,250.0,11,0.029999999329449967,60.32444739341736,TRUNC
125394,159,-2.0010000000000003,501,1,0.0,364.99722290039,197.0,11,0.0,41.73605251312256,TRUNC
126396,160,-2.0010000000000003,501,1,0.0,364.99722290039,200.0,11,0.0,41.9665207862854,TRUNC
127070,161,5.895082954406815,1376,27,600.072196960446,62.997215270996,-405.89898681641,0,0.0,119.0788242816925,TRUNC
127800,162,86.07556408691113,702,54,2036.44873046874,1396.9971923828,227.0,11,0.0,62.58836317062378,TRUNC
128538,163,0.46166115379346007,734,10,113.375394821169,66.206680297852,-382.09896850586,0,0.0,61.51008200645447,TRUNC
129198,164,85.30087442016367,699,53,2026.0194396973002,1395.9971923828,217.0,11,0.0,58.803059816360474,TRUNC
129286,165,0.6034010372162668,374,9,116.409666061404,66.279685974121,-365.94924926758,0,1.0,31.566145420074463,DEAD
130200,166,-2.0010000000000003,501,1,0.0,364.99722290039,205.0,11,0.0,41.743626832962036,TRUNC
131202,167,-2.0010000000000003,501,1,0.0,364.99722290039,200.0,11,0.0,45.20008301734924,TRUNC
131346,168,1.632122840881232,1030,15,212.036033630372,-38.644493103027,248.69998168945,0,0.0,89.83161783218384,TRUNC
132688,169,86.68795550603929,743,55,2044.7282104492601,1397.3038330078,236.0,11,0.029999999329449967,63.175122022628784,TRUNC
133706,170,-1.0515931320187937,1180,7,75.419395446785,-38.793319702148,126.8498840332,0,0.0,99.33555102348328,TRUNC
134314,171,87.35145541381632,813,56,2061.01998901371,1397.3162841797,252.0,11,0.0,68.70060968399048,TRUNC
135738,172,87.84996697197633,712,57,2039.02023315433,1397.3721923828,230.0,11,0.024169350042939963,62.785316944122314,TRUNC
136618,173,-0.46712520217895603,1456,15,172.002727508536,-39.793319702148,234.79876708984,0,0.0,125.95515465736389,TRUNC
136960,174,-1.0625253829955537,171,3,73.898307800296,-42.002784729004,111.6244354248,0,1.0,14.29546332359314,DEAD
137374,175,84.92901509110536,818,51,2063.4922485352,1397.2066650391,257.0,11,0.025403426960109998,68.92723536491394,TRUNC
138726,176,1.1677345390320912,883,15,173.315700531006,-39.66393661499,212.0,0,0.0,74.31052947044373,TRUNC
138764,177,86.23741119384718,695,55,2017.49176025395,1397.2066650391,211.0,11,0.0,58.730976819992065,TRUNC
140214,178,85.64799484252742,725,53,2030.13485717775,1396.3768310547,220.0,11,0.0,64.37465167045593,TRUNC
140804,179,0.4308185348511824,1039,6,95.240242004392,-38.905570983887,119.35094451904,0,0.0,90.96588492393494,TRUNC
141798,180,86.39370694036577,792,55,2023.0194396973002,1396.3582763672,214.0,11,0.029999999329449967,66.85164833068848,TRUNC
142694,181,-1.0384436035155096,945,7,89.129409790041,-39.793319702148,119.15002441406,0,0.0,79.74821066856384,TRUNC
143196,182,85.26358171483596,699,53,2016.4918823242601,1395.9349365234,210.0,11,0.016679454594849985,58.627793312072754,TRUNC
144198,183,-2.0010000000000003,501,1,0.0,364.99722290039,198.0,11,0.0,45.183655977249146,TRUNC
144610,184,10.260520545959904,958,37,654.81577301026,66.206680297852,118.30003356934,0,1.0,83.88717246055603,DEAD
145676,185,85.30018624900048,739,52,2034.72778320316,1394.9971923828,226.0,11,0.10256362892686999,62.36740040779114,TRUNC
147072,186,85.98967788372627,698,54,2035.81076049803,1394.9971923828,227.0,11,0.029066348448399948,58.79821062088013,TRUNC
147882,187,66.14411880493175,405,48,1233.9537658691802,1101.3936767578,209.0,11,1.0,37.731260538101196,DEAD
148274,188,12.82650902557424,1832,53,801.789543151858,66.358291625977,219.39996337891,0,0.0,157.32731676101685,TRUNC
148884,189,-2.0010000000000003,501,1,0.0,364.99722290039,198.0,11,0.0,41.66024088859558,TRUNC
149306,190,-0.43454337692248224,516,7,91.983898162847,64.303894042969,-399.44860839844,0,0.0,43.375182151794434,TRUNC
149886,191,-2.0010000000000003,501,1,0.0,364.99722290039,197.0,11,0.0,42.2192268371582,TRUNC
150704,192,-0.5244657173155562,699,7,60.983592987062,65.206680297852,-394.34841918945,0,0.0,58.916298389434814,TRUNC
151282,193,86.10158618230969,698,54,2035.49792480467,1394.2066650391,227.0,11,0.029999999329449967,59.41401529312134,TRUNC
152298,194,-0.2061983795165978,797,8,77.340133666987,63.303897857666,-401.9987487793,0,1.0,70.30950498580933,DEAD
152548,195,49.361869232178904,633,36,978.9296569824301,854.37524414063,208.0,11,0.0,55.99839210510254,TRUNC
153988,196,87.6027154540994,720,56,2061.40332031249,1394.3582763672,252.0,11,0.0,60.15092158317566,TRUNC
155030,197,13.477292140961156,1366,58,814.4116401672351,66.206680297852,218.0,0,0.0,114.70577549934387,TRUNC
155522,198,85.79235887001195,767,54,2025.01937866215,1394.3038330078,216.0,11,0.02471385337412002,64.79957175254822,TRUNC
158540,199,-0.005088620185735859,1755,16,141.48596096038298,66.315856933594,-358.29699707031,0,0.0,150.86758494377136,TRUNC
159086,200,78.0359109862383,1782,41,2013.49298095707,1394.3591308594,207.0,11,0.019092492759229973,153.3897123336792,TRUNC
159962,201,-0.6675879440306347,711,9,125.80854034424101,65.206680297852,-389.74700927734,0,1.0,63.54353356361389,DEAD
161208,202,86.33574484252453,1061,54,2062.53085327147,1394.3038330078,248.0,11,0.0,92.45974206924438,TRUNC
161470,203,1.0741628036500082,754,13,158.736351013184,-39.793319702148,205.64988708496,0,0.0,63.20893621444702,TRUNC
162820,204,-0.8553144454955217,675,6,82.35735321045,-39.793319702148,122.35076904297,0,0.0,56.76231336593628,TRUNC
163158,205,85.51279464721384,975,54,2021.82919311527,1394.3563232422,213.0,11,0.0,81.93581008911133,TRUNC
164870,206,-1.013011245727356,1025,7,54.69523620605899,-40.002784729004,130.0007019043,0,0.0,89.35585165023804,TRUNC
164882,207,88.52974133419843,862,59,2049.3567199707404,1394.2066650391,241.0,11,0.054476469755169954,76.20288944244385,TRUNC
165986,208,-0.387747581481815,558,4,55.588813781740996,-42.905563354492,126.60062408447,0,0.0,47.468170166015625,TRUNC
167280,209,86.57142648315089,1199,55,2045.8616638184,1395.0944824219,237.0,11,0.0,100.89807343482971,TRUNC
167656,210,-0.9560093307494539,835,5,53.681297302243,-42.793319702148,127.45056915283,0,0.0,70.25472736358643,TRUNC
167724,211,-1.2517060317992996,34,2,52.15293121338001,-47.002784729004,124.05061340332,0,1.0,3.0497074127197266,DEAD
168890,212,85.3934977722155,805,53,2036.17538452152,1394.2066650391,222.0,11,0.0,71.18243980407715,TRUNC
169410,213,14.167744323730345,843,48,825.5751190185531,66.206680297852,242.0,0,0.0,74.55932521820068,TRUNC
170522,214,87.2069313659632,816,56,2038.22323608396,1393.9971923828,231.0,11,0.0,68.95786452293396,TRUNC
171218,215,0.4395580730439361,904,18,119.65324211120799,65.997215270996,-375.09686279297,0,0.0,76.04131960868835,TRUNC
172058,216,86.35575656127826,768,54,2046.52597045902,1393.2066650391,238.0,11,0.0,67.99047040939331,TRUNC
173018,217,0.03705480575578113,900,15,126.988880157476,65.279685974121,-385.29730224609,0,0.0,79.4385142326355,TRUNC
173574,218,87.25400923546924,758,56,2045.0909423828502,1394.9971923828,239.0,11,0.018105510622259957,64.10899496078491,TRUNC
174098,219,0.34313985824589377,540,13,161.873851776122,65.206680297852,-390.39712524414,0,0.0,45.38849377632141,TRUNC
174576,220,-2.0010000000000003,501,1,0.0,364.99722290039,204.0,11,0.0,42.06113409996033,TRUNC
175362,221,1.6627433543205479,632,10,140.484029293059,66.279685974121,-354.69714355469,0,1.0,53.6360547542572,DEAD
177106,222,0.9231264572144622,872,15,159.702201843262,-41.377456665039,215.89987182617,0,0.0,76.01972365379333,TRUNC
178086,223,85.49325327589405,1755,56,2015.19265747075,1394.9971923828,209.0,11,0.024637501686810004,150.83076643943787,TRUNC
179472,224,-1.1080743484495392,1183,6,63.10941314697499,-42.946250915527,132.60087585449,0,0.0,99.37749862670898,TRUNC
180440,225,87.83053982543558,1177,58,2048.54885864261,1394.3768310547,244.0,11,0.0,101.89278554916382,TRUNC
181442,226,-2.0010000000000003,501,1,0.0,364.99722290039,204.0,11,0.0,41.88189220428467,TRUNC
182910,227,10.532814002991522,1719,36,645.2978897094761,66.358291625977,126.6508102417,0,0.0,147.8811686038971,TRUNC
183046,228,-0.11932021903986345,68,7,52.937356948854,66.206680297852,-351.04708862305,0,1.0,5.7753918170928955,DEAD
183072,229,85.20468358002428,815,53,2008.79757690434,1392.3582763672,237.0,11,0.02811350859702,69.34791684150696,TRUNC
184074,230,-2.0010000000000003,501,1,0.0,364.99722290039,202.0,11,0.0,41.718823194503784,TRUNC
185078,231,0.36776348495499844,1016,10,139.52865982056,-45.002784729004,199.0,0,0.0,89.86165833473206,TRUNC
185582,232,84.80871179265945,754,52,2020.12524414061,1393.9971923828,242.0,11,0.029999999329449967,68.32729768753052,TRUNC
187148,233,84.75985425484137,783,52,1992.4015808106,1393.9809570313,214.0,11,0.042265221476549986,66.42900395393372,TRUNC
187368,234,-0.21395763397192602,1145,13,155.752067565926,-42.177406311035,178.59991455078,0,0.0,97.51278710365295,TRUNC
188150,235,-2.0010000000000003,501,1,0.0,364.99722290039,197.0,11,0.0,42.01270866394043,TRUNC
189308,236,-0.18847732543935125,970,11,101.069686889649,-49.002784729004,183.69943237305,0,0.0,84.89917325973511,TRUNC
189428,237,77.87625115966502,639,39,1999.62786865233,1394.9971923828,220.0,11,0.0,57.872272968292236,TRUNC
190802,238,62.64190602670484,687,44,1192.30261230465,1097.9017333984,233.0,11,0.02235221303999002,1017.3318243026733,TRUNC
190954,239,17.560885021209174,823,57,812.962085723886,66.303894042969,411.79998779297,0,0.0,1234.0461750030518,TRUNC
192278,240,16.28748642730633,662,53,1113.072837829582,65.279685974121,404.30108642578,0,0.0,1328.8415749073029,TRUNC
193808,241,19.022148208617423,765,62,941.8378753662171,66.358291625977,422.45111083984,0,0.0,1537.800752878189,TRUNC
194946,242,12.90565635299712,569,37,552.474109649658,66.206680297852,408.55310058594,0,0.0,1142.0621671676636,TRUNC
196040,243,15.62590752410833,547,52,827.2749862670939,66.206680297852,411.90087890625,0,0.0,1098.0769908428192,TRUNC
197856,244,17.39722930145162,908,53,969.263023376466,65.206680297852,414.16738891602,0,0.0,1825.374531030655,TRUNC
199732,245,14.168043739317861,938,58,998.428565979009,66.206680297852,421.70327758789,0,0.0,1882.8718521595001,TRUNC
200762,246,14.988510360717692,515,40,1058.067520141607,66.206680297852,406.30044555664,0,0.0,1036.4894850254059,TRUNC
200834,247,3.802624114990292,36,9,303.371292114262,64.279685974121,-169.8470916748,0,1.0,72.34954047203064,DEAD
202014,248,6.331640968322812,590,26,377.488899230963,-62.720321655273,421.45028686523,0,0.0,1184.280375957489,TRUNC
203330,249,130.41225875854568,125,10,2048.02737426761,1392.2282714844,0.0,11,1.0,12401.736218214035,DEAD
203680,250,16.35939181518477,833,51,859.54609680176,66.303894042969,421.0009765625,0,0.0,1097.184966802597,TRUNC
203698,251,-1.3937219657897,9,1,22.918872833258,63.213092803955,-331.54779052734,0,1.0,0.8767380714416504,DEAD
204750,252,-1.2882326660156709,526,5,57.897323608392995,-75.720321655273,251.39965820313,0,0.0,38.92146062850952,TRUNC
204768,253,12.292774749756171,719,11,183.25729370117,511.10827636719,229.91107177734,11,0.0,55.80444693565369,TRUNC
206362,254,21.137621582031095,797,17,198.44030761718,584.36285400391,327.60000610352,12,1.0,72.23632407188416,DEAD
206814,255,12.557121475220267,1032,30,738.416595458986,65.206680297852,245.44989013672,0,0.0,94.3437910079956,TRUNC
208374,256,-0.8979235458373334,780,6,64.9973068237289,63.303897857666,-302.79629516602,0,0.0,69.91147375106812,TRUNC
209844,257,3.4762474632262035,735,24,339.11463546752896,65.206680297852,-58.847724914551,0,0.0,66.93547868728638,TRUNC
209902,258,85.55551784075273,1770,56,1989.67951965336,1396.2066650391,219.45002746582,12,0.026792263612150036,160.36912441253662,TRUNC
210212,259,8.891760761260999,178,4,682.42865371704,64.206680297852,227.0,0,1.0,32.18337440490723,DEAD
211216,260,69.16682171630555,657,20,2002.33587646484,1394.4982910156,224.0,12,0.0,71.82254528999329,TRUNC
212218,261,-2.0010000000000003,501,1,0.0,364.99722290039,201.0,12,0.0,40.356815338134766,TRUNC
213760,262,15.41104657745318,1774,33,684.947532653813,-36.002784729004,239.84999084473,0,0.0,152.03347206115723,TRUNC
214004,263,91.62815042194552,893,54,2018.61285400391,1394.9000244141,238.0,13,0.025960478931669972,79.9605028629303,TRUNC
215702,264,4.106387313842744,971,7,101.38327026367601,-40.781509399414,156.55184936523,0,0.0,81.94968390464783,TRUNC
215896,265,85.90864355468666,946,54,1978.66845703129,1391.2066650391,207.0,13,0.0,80.44070529937744,TRUNC
216712,266,2.5571674346922744,505,6,72.227935791008,-36.002784729004,142.95195007324,0,0.0,43.53259086608887,TRUNC
217572,267,2.8525093078613613,430,5,75.970031738286,-35.188201904297,138.70202636719,0,1.0,39.981390714645386,DEAD
218392,268,88.39169192504443,1248,58,2069.80227661131,1393.7663574219,255.0,13,0.0,109.36655330657959,TRUNC
220328,269,8.171691123962521,1378,15,195.923835754393,-36.002784729004,244.54998779297,0,0.0,116.49936056137085,TRUNC
220974,270,84.37981436156653,1291,52,2001.4154357910002,1393.9971923828,223.0,13,0.0,108.94581985473633,TRUNC
221664,271,10.25927489471448,668,26,626.484992980956,-39.002784729004,165.61627197266,0,0.0,60.05527663230896,TRUNC
222464,272,80.29419403075796,745,44,1992.3912963867,1391.6496582031,218.0,13,0.0,66.70434474945068,TRUNC
223482,273,5.403701950073248,909,8,92.680007934575,-33.793319702148,147.01638793945,0,0.0,79.21879982948303,TRUNC
224730,274,85.30258990478028,1133,53,2028.1226196288899,1391.9971923828,254.0,13,0.0,92.81715655326843,TRUNC
225160,275,3.757452083587666,839,6,55.318233489996004,-38.002784729004,147.86650085449,0,1.0,65.51337575912476,DEAD
226286,276,90.2381918640117,778,62,2026.68832397457,1396.2066650391,254.0,13,0.0,70.4790506362915,TRUNC
226368,277,4.9538652858732934,604,20,224.52207756042498,-31.696100234985,237.0,0,0.0,56.00828576087952,TRUNC
227638,278,3.531544151306147,635,6,64.8341293335,-39.934272766113,153.30517578125,0,0.0,53.940523624420166,TRUNC
228640,279,82.36468182372631,1177,49,1990.5287475586401,1390.9971923828,221.0,13,0.0,99.70986223220825,TRUNC
229534,280,4.913731567382836,948,8,108.617568969731,-34.753768920898,149.05514526367,0,0.0,83.57300853729248,TRUNC
230242,281,85.50405264282023,801,53,2038.5589904785,1394.9000244141,225.0,13,0.0,71.60012984275818,TRUNC
230744,282,3.68778705596918,605,8,76.739021301269,-39.696105957031,149.05493164063,0,0.0,51.66427040100098,TRUNC
232536,283,2.463457550048797,896,6,97.330596923826,-38.686164855957,155.85456848145,0,0.0,75.71828889846802,TRUNC
232692,284,85.60546447753397,1225,54,2010.50097656249,1392.3038330078,238.0,13,0.0,104.0063316822052,TRUNC
232734,285,0.24961282348626312,99,6,62.143829345697,-43.720321655273,152.45460510254,0,1.0,8.768213272094727,DEAD
234484,286,84.99736212157944,896,53,1995.30743408209,1391.9971923828,223.0,13,0.0,79.0044002532959,TRUNC
234944,287,16.620589675902846,1105,31,685.650405883783,-35.002784729004,241.0,0,0.0,96.79305410385132,TRUNC
236512,288,84.08296853637468,1014,52,1998.02005004886,1394.9000244141,217.0,13,0.0,87.4590334892273,TRUNC
236762,289,6.54828874206542,909,6,74.147186279297,-34.641708374023,143.25114440918,0,0.0,78.19181489944458,TRUNC
238246,290,84.91923489379573,867,53,2015.6435852051,1395.0499267578,210.24995422363,13,0.0,76.58630275726318,TRUNC
239200,291,10.01077729797366,1219,7,79.432464599605,-34.793319702148,139.0011138916,0,0.0,107.05784869194031,TRUNC
239650,292,85.2133627014128,702,53,2025.7186584472502,1394.9971923828,218.0,13,0.0,60.19762849807739,TRUNC
240350,293,5.748695373535028,575,6,51.47094726562,-34.099998474121,136.451171875,0,1.0,48.76382040977478,DEAD
242610,294,85.76971969603947,1480,55,2027.82015991213,1395.0916748047,220.0,13,0.0,128.4435751438141,TRUNC
242790,295,15.199195232391373,1220,12,182.659175872801,-33.720317840576,231.0,0,0.0,106.73079442977905,TRUNC
244534,296,88.1392370300262,962,58,2064.01766967775,1395.3768310547,255.0,13,0.0,81.70948433876038,TRUNC
246070,297,17.407559833526403,1640,8,79.07795715331801,-31.62310218811,135.80084228516,0,0.0,142.62511444091797,TRUNC
246588,298,85.70433590698028,1027,53,2048.9778747559003,1393.9000244141,240.0,13,0.0,90.64093971252441,TRUNC
247626,299,8.03504220199596,778,7,104.45054626465601,-31.7933177948,126.45099639893,0,0.0,66.5794575214386,TRUNC
247956,300,2.188128089904803,165,4,59.291694641114994,-32.002784729004,123.05098724365,0,1.0,14.006120681762695,DEAD
248424,301,85.0656058044403,918,52,2065.61935424808,1393.98828125,257.0,13,0.0,78.5048668384552,TRUNC
249364,302,9.425271926879898,704,8,153.476959228513,-33.793319702148,200.0,0,0.0,59.93273901939392,TRUNC
249974,303,83.06183334350182,775,49,2022.03976440427,1394.2189941406,240.0,13,0.0,69.48358535766602,TRUNC
250740,304,8.218877403259162,688,5,63.141731262202995,-33.661186218262,130.30076599121,0,0.0,62.116626024246216,TRUNC
252952,305,13.152645362854123,1106,5,79.344757080076,-33.720317840576,133.70066833496,0,0.0,93.111243724823,TRUNC
253088,306,84.44197384642857,1557,53,2016.70004272465,1393.2796630859,206.84999084473,13,0.0,132.12121152877808,TRUNC
254754,307,12.511165603637847,901,6,67.47770690918802,-32.002784729004,136.25065612793,0,0.0,80.0288417339325,TRUNC
254828,308,87.84027572631564,870,58,2057.73825073238,1393.2066650391,246.0,13,0.0,77.00362777709961,TRUNC
255558,309,4.655648887634179,402,2,55.766830444328995,-34.631237030029,127.75074768066,0,1.0,34.43924856185913,DEAD
256254,310,85.04939089965585,713,52,2056.80227661131,1394.3563232422,242.0,13,0.0,60.57119178771973,TRUNC
257256,311,-2.0010000000000003,501,1,0.0,364.99722290039,203.0,13,0.0,42.0218563079834,TRUNC
258052,312,22.679980628966888,1247,14,203.07646942138703,-32.002784729004,240.0,0,0.0,108.8551070690155,TRUNC
258852,313,86.06106951904174,798,54,2053.41009521488,1392.9000244141,239.0,13,0.0,71.38783264160156,TRUNC
260728,314,24.76281167221007,1338,5,59.416786193840004,-31.684122085571,124.40131378174,0,0.0,112.70197606086731,TRUNC
261292,315,87.74556121826308,1220,47,1274.65179443359,1101.3983154297,240.0,13,0.0,103.03362393379211,TRUNC
262910,316,23.002707180022927,1091,7,72.85832977295601,-31.641710281372,129.5012512207,0,0.0,97.03079080581665,TRUNC
263172,317,0.4691664733886922,131,4,45.122360229493,-33.002784729004,121.00128936768,0,1.0,10.976320028305054,DEAD
263336,318,88.95602322387386,1022,61,2038.69961547851,1393.4147949219,227.0,13,0.0,90.7443470954895,TRUNC
264978,319,17.487225257873504,903,14,216.881828308106,-31.797309875488,256.0,0,0.0,76.03179931640625,TRUNC
266814,320,17.72591750335693,918,4,56.927833557136005,-32.002784729004,124.25142669678,0,0.0,81.229318857193,TRUNC
266986,321,86.69474044799138,1825,57,2040.70614624023,1394.3160400391,226.0,13,0.0,157.75285482406616,TRUNC
267988,322,-2.0010000000000003,501,1,0.0,364.99722290039,204.0,13,0.0,41.54336190223694,TRUNC
268576,323,17.498313793182216,881,5,58.565437316890005,-31.641710281372,118.30155181885,0,0.0,74.57268619537354,TRUNC
270468,324,21.573598941802675,946,6,103.39189147948801,-31.696100234985,123.40158843994,0,0.0,83.49431729316711,TRUNC
270592,325,85.7396854858345,1302,54,2071.33465576169,1393.3582763672,257.0,13,0.0,114.52140402793884,TRUNC
270764,326,2.7174984378814524,148,3,42.69995307922301,-31.905561447144,85.303352355957,0,1.0,13.866578102111816,DEAD
272382,327,85.29195083617769,895,53,2048.5445861816297,1394.3038330078,235.0,13,0.0,76.4292516708374,TRUNC
273892,328,39.08912601089459,1564,7,178.902118682862,-32.377429962158,218.0,0,0.0,131.82938241958618,TRUNC
274464,329,82.19833547973832,1041,50,1268.35427856449,1101.1451416016,231.0,13,0.0,91.60922527313232,TRUNC
275244,330,16.427462028503353,676,6,70.480976104739,-31.641710281372,120.25096130371,0,0.0,61.08716893196106,TRUNC
276074,331,84.78860290527182,805,52,2046.18457031249,1394.3305664063,238.0,13,0.0,68.11257648468018,TRUNC
277602,332,84.54671716308258,764,51,2034.92736816409,1393.2796630859,226.0,13,0.0,65.01195216178894,TRUNC
277882,333,30.00046325302074,1319,6,88.575401306161,-31.641710281372,125.35104370117,0,0.0,111.80996656417847,TRUNC
278480,334,8.452954612731833,299,6,92.18361663817599,-32.696105957031,110.05107116699,0,1.0,25.392627239227295,DEAD
279216,335,89.88031674194144,807,62,2032.70993041991,1393.9000244141,223.0,13,0.0,71.71557235717773,TRUNC
279994,336,20.944972579955827,757,10,224.323665618896,-31.7933177948,238.0,0,0.0,67.5387487411499,TRUNC
281144,337,86.67087716674472,964,55,2059.01962280277,1393.9971923828,250.0,13,0.0,81.49927544593811,TRUNC
282132,338,27.20892539596516,1069,6,78.472877502446,-31.641710281372,116.45119476318,0,0.0,90.53562116622925,TRUNC
283118,339,85.57038830566027,987,54,2033.27038574222,1393.9971923828,224.0,13,0.0,87.12246704101562,TRUNC
283340,340,17.3222299156188,604,5,61.18372344970701,-31.720315933228,112.20128631592,0,0.0,55.004541635513306,TRUNC
285590,341,85.92108160399812,1236,54,2058.32379150391,1394.2796630859,247.0,13,0.0,105.18581366539001,TRUNC
286090,342,37.39849864959708,1375,3,62.177757263187,-33.641708374023,123.25122070313,0,1.0,116.18576622009277,DEAD
287186,343,88.33254122924468,798,59,2018.73056030272,1393.9971923828,210.0,13,0.0,70.73621773719788,TRUNC
287778,344,27.867072807311658,844,9,198.735923767089,-33.696105957031,245.0,0,0.0,74.68713140487671,TRUNC
288760,345,84.20531918334599,787,52,1994.72799682615,1393.0577392578,215.0,13,0.0,66.44636845588684,TRUNC
289050,346,19.920957740783553,636,2,44.408363342283,-34.641708374023,121.75128173828,0,0.0,53.532310485839844,TRUNC
290868,347,29.728251625060715,909,3,70.42795562744502,-32.641708374023,122.60131072998,0,0.0,79.69214105606079,TRUNC
292226,348,87.88736819457215,1733,59,2064.7190246581904,1393.9971923828,257.0,13,0.0,149.67434334754944,TRUNC
293746,349,53.84052545165996,1439,7,69.3338470459,-32.002784729004,138.75120544434,0,1.0,121.68669700622559,DEAD
294242,350,90.54015368652136,1008,58,2038.87878417971,1394.2185058594,257.0,13,0.0,84.97881197929382,TRUNC
295778,351,84.09137423705708,768,52,1997.31942749022,1393.9971923828,216.0,13,0.0,68.76941394805908,TRUNC
296716,352,56.30748538970922,1485,9,170.776786804199,-32.002784729004,208.0,0,0.0,129.62391209602356,TRUNC
298416,353,88.1881476745546,1319,58,2059.17098999021,1392.9971923828,253.0,13,0.0,110.99727416038513,TRUNC
298582,354,36.504992019652995,933,3,43.252777099608004,-32.696105957031,112.80097961426,0,0.0,78.53698301315308,TRUNC
300074,355,85.75205209350304,829,53,2049.81588745116,1393.4715576172,241.0,13,0.0,74.51699328422546,TRUNC
300460,356,38.03496841049173,939,4,39.45761108398899,-31.641710281372,117.90097045898,0,0.0,83.62430596351624,TRUNC
301354,357,17.242415512084897,447,2,41.950004577638005,-33.66393661499,111.10097503662,0,1.0,37.8856246471405,DEAD
301758,358,87.50834713744791,842,57,2014.7176208496,1389.9971923828,242.0,13,0.0,71.25867009162903,TRUNC
304336,359,85.90245919799368,1289,55,2050.31942749022,1391.9000244141,236.0,13,0.0,112.66254305839539,TRUNC
304744,360,71.53057857513507,1695,7,163.036308288579,-33.696105957031,209.0,0,0.0,147.0903606414795,TRUNC
305828,361,22.670390727996693,542,4,39.400016784668004,-31.62310218811,118.90090942383,0,0.0,45.86387014389038,TRUNC
305902,362,84.80059420776038,783,52,2026.2674255371,1391.9971923828,249.0,13,0.0,66.96102380752563,TRUNC
307594,363,35.99983180236786,883,4,44.133304595947,-31.641710281372,110.40092468262,0,0.0,78.96607184410095,TRUNC
308356,364,86.91410763549256,1227,56,2066.10165405272,1393.9971923828,253.0,13,0.0,107.56064510345459,TRUNC
308952,365,29.329892879485946,679,4,40.50016021729001,-31.62310218811,110.40092468262,0,1.0,57.58657121658325,DEAD
311102,366,83.32484835814739,1373,51,2011.31942749022,1393.2796630859,231.0,13,0.0,115.68340253829956,TRUNC
311124,367,47.62173543357815,1086,9,167.73797416687,-31.641710281372,205.0,0,0.0,91.49258422851562,TRUNC
312498,368,29.817726009368652,687,5,39.75012969970701,-31.720315933228,98.750885009766,0,0.0,62.00316405296326,TRUNC
313002,369,78.02814071654821,950,39,2038.00558471683,1394.2796630859,229.0,13,0.0,84.8161871433258,TRUNC
314300,370,38.499833492278746,901,4,46.00008392334001,-31.641710281372,99.600891113281,0,0.0,76.74244141578674,TRUNC
314916,371,82.31712094115862,957,48,2008.35592651371,1392.3038330078,229.0,13,0.0,81.45165634155273,TRUNC
315502,372,26.22978359603855,601,3,18.299972534174998,-31.7933177948,109.80087280273,0,0.0,56.70159721374512,TRUNC
316468,373,86.11002035522121,776,54,2061.81588745116,1394.3038330078,253.0,13,0.0,72.35028052330017,TRUNC
316546,374,22.2990003662108,522,2,37.400024414063004,-33.002784729004,107.25086975098,0,1.0,45.48038673400879,DEAD
318088,375,81.89784713744643,810,48,1988.65267944332,1393.2796630859,210.54997253418,13,0.0,69.202810049057,TRUNC
318806,376,49.144623050689376,1130,10,198.826599121094,-31.62310218811,232.0,0,0.0,96.78597784042358,TRUNC
320108,377,27.958659042358164,651,2,40.22500228881799,-31.7933177948,94.301177978516,0,0.0,59.04715704917908,TRUNC
320604,378,81.93637469481992,1258,48,2023.18060302731,1393.0943603516,245.0,13,0.0,110.91307759284973,TRUNC
321606,379,-2.0010000000000003,501,1,0.0,364.99722290039,205.0,13,0.0,42.08538269996643,TRUNC
321730,380,33.351834300994575,811,3,53.46680450439401,-31.641710281372,94.30118560791,0,0.0,68.98116970062256,TRUNC
322810,381,23.04445123672468,540,4,41.877815246580006,-31.7933177948,103.65116882324,0,0.0,46.44345211982727,TRUNC
323080,382,82.17667736815959,737,48,2002.95800781246,1393.2796630859,223.0,13,0.0,64.36902022361755,TRUNC
324054,383,27.504533756255977,622,3,11.349983215337005,-31.7933177948,101.95116424561,0,0.0,56.69080090522766,TRUNC
324098,384,-0.9719999999999995,22,1,0.0,-34.002784729004,101.10116577148,0,1.0,2.925787925720215,DEAD
324774,385,85.03227444457868,847,52,2065.5071105957404,1393.9000244141,257.0,13,0.0,76.23749113082886,TRUNC
326440,386,52.73670413398701,1171,11,217.73588752746602,-31.641710281372,248.0,0,0.0,98.78777647018433,TRUNC
327442,387,21.71125042343124,501,2,34.150028228759005,-33.002784729004,112.85132598877,0,0.0,42.82261896133423,TRUNC
327512,388,86.3452382812452,1369,56,2058.6436767578302,1394.3582763672,252.0,13,0.0,116.6976535320282,TRUNC
329290,389,78.04811868285728,889,39,2037.52346801755,1393.1533203125,231.0,13,0.0,78.82476162910461,TRUNC
330382,390,65.42147413253784,1470,4,42.200004577638005,-31.720315933228,117.10132598877,0,0.0,129.1921410560608,TRUNC
331234,391,86.3748528747511,972,55,2063.15133666988,1393.9971923828,256.54995727539,13,0.0,82.71908664703369,TRUNC
332010,392,35.082016788482505,814,12,205.98218536376598,-31.7933177948,247.0,0,0.0,72.69980812072754,TRUNC
333318,393,84.57100231933383,1042,53,2019.47778320317,1393.9000244141,213.0,13,0.0,91.45568060874939,TRUNC
334320,394,-2.0010000000000003,501,1,0.0,364.99722290039,200.0,13,0.0,41.789668798446655,TRUNC
334584,395,35.24470845031738,132,27,753.15995788575,785.27972412109,208.0,13,1.0,11.885390281677246,DEAD
335358,396,74.59232522583135,1674,2,40.474990844734,-33.696105957031,118.65134429932,0,0.0,140.37120962142944,TRUNC
335586,397,-2.0010000000000003,501,1,0.0,364.99722290039,204.0,13,0.0,41.5975661277771,TRUNC
336546,398,26.378283859252836,594,1,4.3999938964900025,-33.793319702148,106.75137329102,0,0.0,54.43554377555847,TRUNC
336984,399,71.35599053955092,699,50,1299.65240478521,1101.3095703125,244.0,13,0.0,64.37480187416077,TRUNC
338342,400,39.897207405090015,898,3,41.625011444091,-31.641710281372,103.35137939453,0,0.0,76.89556741714478,TRUNC
339400,401,23.146034351348796,529,4,41.250022888188006,-31.7933177948,104.20137023926,0,1.0,45.38476085662842,DEAD
339530,402,87.31197406005246,1273,57,2066.02777099608,1394.1213378906,252.0,13,0.0,108.86168432235718,TRUNC
340532,403,-2.0010000000000003,501,1,0.0,364.99722290039,199.0,13,0.0,45.510777950286865,TRUNC
341012,404,35.06176473999009,806,9,199.376480102543,-33.793319702148,247.0,0,0.0,72.20170283317566,TRUNC
342346,405,86.11897549438025,907,55,2035.50003051757,1393.2796630859,224.0,13,0.0,76.49141430854797,TRUNC
342400,406,29.227249999999714,694,2,42.749999999998,-33.002784729004,121.20127105713,0,0.0,58.42282962799072,TRUNC
344356,407,42.97808238220176,978,4,42.35000991821,-31.641710281372,107.6012878418,0,0.0,86.41846370697021,TRUNC
344410,408,86.33019406127403,1032,55,2059.31942749022,1393.0911865234,245.0,13,0.0,91.37064790725708,TRUNC
344636,409,36.562746002197066,113,29,772.5124816894499,785.27972412109,251.0,13,1.0,9.769001722335815,DEAD
345904,410,34.48434564208958,774,3,31.16756057739199,-31.641710281372,97.401313781738,0,0.0,66.04191303253174,TRUNC
347030,411,24.945907585143868,563,2,36.84157180786101,-31.7933177948,93.151321411133,0,1.0,47.7763454914093,DEAD
348006,412,86.65939178466104,1685,57,2060.23724365238,1393.9971923828,246.0,13,0.0,142.86496901512146,TRUNC
349344,413,80.17340646362067,669,42,2038.90829467777,1394.3038330078,230.0,13,0.0,59.90174603462219,TRUNC
349378,414,53.848521247863346,1174,6,156.749092102048,-34.793319702148,212.0,0,0.0,102.74455118179321,TRUNC
350812,415,86.70416696166801,734,55,2057.4866638183303,1393.2066650391,243.0,13,0.0,62.28288269042969,TRUNC
351798,416,54.552200660705246,1210,3,42.20000839233901,-31.696100234985,111.70092773438,0,0.0,102.32775926589966,TRUNC
352264,417,88.29388510131712,726,58,2062.80343627933,1393.2722167969,248.0,13,0.0,65.55821752548218,TRUNC
352894,418,24.057283641815065,548,3,16.599975585940996,-31.7933177948,104.90093994141,0,0.0,50.72713565826416,TRUNC
354230,419,28.394207565307386,668,2,33.425022125244,-31.641710281372,94.700958251953,0,0.0,56.412057638168335,TRUNC
354442,420,86.03527139281816,1089,55,2031.64590454105,1393.9971923828,217.0,13,0.0,92.12894940376282,TRUNC
354672,421,8.301283916473382,221,2,4.3999938964840055,-31.7933177948,95.550956726074,0,1.0,18.819651126861572,DEAD
355444,422,-2.0010000000000003,501,1,0.0,364.99722290039,199.0,13,0.0,42.30074453353882,TRUNC
357130,423,86.54983111572044,843,55,2056.99420166014,1393.9000244141,246.0,13,0.0,76.39270210266113,TRUNC
357484,424,65.28693638229366,1406,10,183.526817321778,-31.696100234985,216.0,0,0.0,124.22120785713196,TRUNC
358994,425,88.00315945434221,932,58,2065.70510864261,1393.9971923828,251.0,13,0.0,78.8060736656189,TRUNC
359470,426,44.30583171081516,993,3,46.53329849243601,-31.641710281372,114.85092163086,0,0.0,83.92160749435425,TRUNC
361164,427,36.993332851409626,847,4,35.300041198731016,-31.641710281372,102.10094451904,0,0.0,74.79417037963867,TRUNC
361488,428,88.56397732543523,1247,61,2023.00735473631,1396.2066650391,214.0,13,0.0,108.95053148269653,TRUNC
362280,429,23.36833258819563,558,3,35.700023651123,-31.641710281372,99.550941467285,0,1.0,47.39279294013977,DEAD
363430,430,84.52712271117886,971,52,2034.8170471191302,1393.2066650391,226.0,13,0.0,82.15737748146057,TRUNC
364008,431,39.97993526077245,864,9,186.92674255371102,-31.696100234985,218.0,0,0.0,73.11998558044434,TRUNC
365548,432,86.31133950805345,1059,57,1993.6315002441302,1396.2066650391,218.0,13,0.0,92.84459471702576,TRUNC
365998,433,43.33970151901216,995,5,49.700065612793004,-31.696100234985,107.50101470947,0,0.0,87.57827305793762,TRUNC
367000,434,21.513500446319448,501,1,34.300029754639006,-32.002784729004,86.251045227051,0,0.0,41.95827865600586,TRUNC
368012,435,21.695451072692755,506,3,34.150035858155,-31.696100234985,97.301025390625,0,0.0,42.83093309402466,TRUNC
369152,436,87.65725933837247,1802,60,2027.94830322266,1396.2066650391,224.0,13,1.0,156.78076267242432,DEAD
369926,437,42.80306549835171,957,3,36.61555099487301,-31.641710281372,102.40101623535,0,1.0,85.46747541427612,DEAD
370636,438,82.45003109741111,742,49,1991.07760620121,1388.2066650391,221.0,13,0.0,63.215120792388916,TRUNC
371524,439,37.404772315978654,799,6,151.776985168453,-33.793319702148,198.0,0,0.0,67.6996808052063,TRUNC
372562,440,22.660639949798483,519,3,20.549964904788,-31.62310218811,101.10079956055,0,0.0,44.0404953956604,TRUNC
373850,441,85.33539974974923,1607,55,2032.85446166996,1393.9971923828,220.0,13,0.0,140.60407400131226,TRUNC
374354,442,39.28583189392058,896,4,42.733310699462,-31.641710281372,100.25080108643,0,0.0,80.97420763969421,TRUNC
375364,443,84.80804348754624,757,52,2044.3640441894902,1393.9971923828,237.0,13,0.0,64.73142313957214,TRUNC
376174,444,40.27033411025971,910,4,41.300125122071016,-31.641710281372,99.400817871094,0,0.0,77.19499158859253,TRUNC
377524,445,29.711390991210717,675,3,35.000034332275,-31.62310218811,97.700820922852,0,1.0,60.66374707221985,DEAD
377542,446,85.53943795775923,1089,54,2041.92367553713,1393.9971923828,227.0,13,0.0,96.37110114097595,TRUNC
379298,447,84.96859896850228,878,53,2028.46041870113,1393.0008544922,214.0,13,0.0,74.185138463974,TRUNC
379394,448,43.41712232589689,935,9,209.048728942871,-31.62310218811,242.0,0,0.0,79.75668239593506,TRUNC
380450,449,23.1580338020323,528,2,8.649986267088991,-31.7933177948,91.551292419434,0,0.0,44.89400386810303,TRUNC
381402,450,86.92418026732996,1052,57,2032.50607299803,1393.6307373047,218.0,13,0.0,94.0359628200531,TRUNC
381502,451,23.35032566452011,526,3,38.00277709960901,-31.7933177948,89.851287841797,0,0.0,49.73786187171936,TRUNC
381590,452,34.43014203643784,94,26,727.7388839721671,784.27972412109,222.0,13,1.0,9.023665428161621,DEAD
383168,453,37.27072426986666,833,3,46.350013732911,-31.720315933228,93.251281738281,0,0.0,70.58349084854126,TRUNC
384152,454,86.70476934814106,1281,57,2039.8567504883201,1393.9000244141,232.0,13,0.0,107.75741243362427,TRUNC
384852,455,37.68208267974821,842,2,37.550029754638,-31.641710281372,94.951286315918,0,0.0,71.24740815162659,TRUNC
385098,456,3.8853917236328144,123,2,10.140514373779006,-31.7933177948,91.551292419434,0,1.0,14.922306537628174,DEAD
386284,457,87.6152515258753,1066,58,2040.7527465820099,1393.8708496094,229.0,13,0.0,94.53293013572693,TRUNC
386942,458,44.07777067947353,922,9,174.176872253418,-31.7933177948,204.0,0,0.0,78.00387692451477,TRUNC
389220,459,89.85901828002453,1468,63,2058.690032959,1393.9000244141,250.0,13,0.0,128.0305073261261,TRUNC
389710,460,63.17889085388155,1384,4,40.100025177002,-31.62310218811,98.600898742676,0,0.0,120.4907021522522,TRUNC
390806,461,24.60828355026234,548,3,19.999969482425996,-31.7933177948,106.25088500977,0,0.0,46.036141872406006,TRUNC
392394,462,35.61108258819551,794,3,38.950023651123,-31.641710281372,110.50087738037,0,0.0,67.94925117492676,TRUNC
392816,463,8.198749794006353,211,1,8.64998626709,-34.002784729004,110.50087738037,0,1.0,18.581392765045166,DEAD
392828,464,97.79723931884209,1804,62,2061.93267822262,1393.9471435547,250.0,13,0.0,154.2306137084961,TRUNC
394224,465,87.58983065795766,698,59,1984.7975769043,1396.2066650391,229.0,13,0.0,62.76699995994568,TRUNC
395796,466,70.24471151351989,1490,8,173.026924133301,-31.720315933228,199.0,0,0.0,129.807776927948,TRUNC
396968,467,85.4834270934998,1372,54,2060.38961791992,1393.9971923828,255.0,13,0.0,115.58980464935303,TRUNC
396976,468,25.987207565307433,590,3,34.42502212524501,-31.641710281372,96.150833129883,0,0.0,50.09970545768738,TRUNC
397970,469,-2.0010000000000003,501,1,0.0,364.99722290039,202.0,13,0.0,46.5470085144043,TRUNC
398334,470,30.736450191497596,679,3,13.749977111816989,-31.696100234985,97.000831604004,0,0.0,62.325093269348145,TRUNC
399836,471,33.60164234542821,751,4,46.12067413330001,-31.641710281372,99.550827026367,0,0.0,62.99595403671265,TRUNC
400236,472,82.42399462890107,1133,50,1986.41076660155,1387.9971923828,218.0,13,0.0,95.99057078361511,TRUNC
400442,473,12.645534431457499,303,2,36.150024414063004,-32.793315887451,104.65081787109,0,1.0,25.647871494293213,DEAD
402412,474,87.81385440063042,1088,59,2028.7665100097402,1396.3563232422,254.0,13,0.0,95.93334317207336,TRUNC
402720,475,52.942431427001544,1139,8,193.42649841308602,-33.696105957031,239.0,0,0.0,99.97636651992798,TRUNC
404428,476,82.25436404418622,1008,50,1968.73171997072,1384.3768310547,208.54997253418,13,0.0,85.79078269004822,TRUNC
405230,477,57.67658233642534,1255,3,44.050006866455,-31.641710281372,102.15128326416,0,0.0,107.02220821380615,TRUNC
406508,478,85.89376068114835,1040,56,2005.0004272461401,1393.4973144531,241.0,13,0.0,91.51429677009583,TRUNC
407284,479,47.412950237273776,1027,3,12.049980163574006,-31.696100234985,97.051292419434,0,0.0,90.98085427284241,TRUNC
408052,480,16.538450981140077,384,3,37.550029754639006,-31.696100234985,100.45128631592,0,1.0,33.115134716033936,DEAD
409256,481,84.65245278930267,1374,53,2021.3190002441802,1390.9000244141,246.0,13,0.0,117.83490681648254,TRUNC
410654,482,87.51160882568166,699,57,2064.78948974612,1387.8310546875,253.0,13,0.0,63.58386158943176,TRUNC
410688,483,59.61395377349808,1318,11,222.685863494873,-31.641710281372,249.0,0,0.0,116.22492146492004,TRUNC
412784,484,84.93585922240736,1065,54,2009.41842651366,1390.9971923828,234.0,13,0.0,90.69319224357605,TRUNC
412816,485,48.400582633971766,1064,3,38.25002670288101,-31.641710281372,96.851364135742,0,0.0,90.76844000816345,TRUNC
413786,486,-2.0010000000000003,501,1,0.0,364.99722290039,197.0,13,0.0,46.727524280548096,TRUNC
414718,487,43.35797464752161,951,3,36.700038909912,-31.720315933228,105.35134124756,0,0.0,85.13664960861206,TRUNC
415644,488,20.262473823547268,463,1,7.7999877929700006,-33.720317840576,105.35134124756,0,1.0,39.43157172203064,DEAD
415818,489,84.89538107299609,1016,54,2000.86251831059,1390.1119384766,230.0,13,0.0,87.39237380027771,TRUNC
417406,490,41.148008560180415,881,8,161.826812744143,-34.643692016602,214.0,0,0.0,76.07795357704163,TRUNC
418742,491,30.406741973876755,668,1,7.897201538087003,-34.793319702148,112.00096130371,0,0.0,60.24110269546509,TRUNC
419400,492,84.45998800658441,1791,54,2015.39926147465,1393.9971923828,208.54997253418,13,1.0,156.41731142997742,DEAD
419862,493,25.090450820922683,560,2,30.750030517578004,-33.696105957031,106.05097198486,0,0.0,48.102299213409424,TRUNC
420952,494,87.46152441406215,776,58,2006.7176513672398,1392.7641601563,229.0,13,0.0,66.58896040916443,TRUNC
421162,495,29.186450901031296,650,3,33.150035858155,-32.696105957031,106.05097198486,0,0.0,55.555065631866455,TRUNC
422892,496,90.03299957275117,970,62,2050.86431884764,1396.2066650391,246.0,13,0.0,85.60562467575073,TRUNC
422904,497,40.21800054931607,871,2,30.600036621093004,-34.002784729004,112.85095977783,0,0.0,77.10388016700745,TRUNC
423216,498,5.503800453186158,156,1,4.706672668463,-33.696105957031,107.75096893311,0,1.0,14.540024280548096,DEAD
424738,499,83.33473849487119,923,51,1976.07138061527,1387.9000244141,210.54997253418,13,0.0,78.7009048461914,TRUNC
426320,500,72.05112078476034,1552,10,210.726448059082,-31.62310218811,243.0,0,0.0,134.84016251564026,TRUNC
427012,501,87.90186489867732,1137,60,1988.6188049316802,1395.9971923828,217.0,13,0.0,100.5685031414032,TRUNC
427558,502,28.19028373336773,619,2,10.199981689454006,-31.7933177948,95.10132598877,0,0.0,52.81962060928345,TRUNC
428522,503,84.50397186279221,755,53,1984.5424194336401,1387.9000244141,219.0,13,0.0,64.85675597190857,TRUNC
429348,504,40.841832771300965,895,2,38.400035858155,-31.641710281372,92.551338195801,0,0.0,76.28106880187988,TRUNC
429524,505,-2.0010000000000003,501,1,0.0,364.99722290039,204.0,13,0.0,42.4923152923584,TRUNC
430610,506,28.658742031097198,631,3,8.897201538086009,-31.7933177948,99.35132598877,0,0.0,57.46511459350586,TRUNC
430836,507,3.487000000000008,113,1,0.0,-34.002784729004,99.35132598877,0,1.0,10.14261770248413,DEAD
431338,508,85.56775158691177,907,55,1996.45556640625,1386.9000244141,229.0,13,0.0,81.6898980140686,TRUNC
433070,509,54.42218197631792,1117,9,195.27653503418,-32.696105957031,236.0,0,0.0,94.97678327560425,TRUNC
434370,510,29.342250366210664,650,2,34.150024414058,-33.002784729004,106.80123138428,0,0.0,58.26973819732666,TRUNC
434928,511,85.95420806884114,1795,57,2013.9448852539,1396.2066650391,235.0,13,1.0,155.23120737075806,DEAD
436464,512,86.6725952453593,768,55,2064.87942504883,1392.9245605469,256.0,13,0.0,64.83699202537537,TRUNC
437006,513,60.91258254241899,1318,3,40.650020599367004,-31.641710281372,100.00124359131,0,0.0,112.1058304309845,TRUNC
437958,514,84.66394619750629,747,52,2003.6722717284902,1390.8731689453,226.0,13,0.0,63.714428424835205,TRUNC
438136,515,25.51093217849712,565,2,4.497207641601008,-31.720315933228,87.251266479492,0,0.0,47.77401423454285,TRUNC
438184,516,37.672539703369175,113,30,793.97805786133,793.20672607422,213.0,13,1.0,10.28694200515747,DEAD
438450,517,5.579783599853533,157,2,40.033306121826,-31.7933177948,94.051254272461,0,1.0,18.366647720336914,DEAD
439620,518,79.11743640136449,718,41,2016.30688476566,1393.9971923828,211.24995422363,13,0.0,65.12780451774597,TRUNC
440162,519,38.996688293456714,856,8,156.176956176758,-32.696105957031,197.0,0,0.0,72.87418985366821,TRUNC
441224,520,85.97390774535884,802,55,2021.70510864261,1392.35546875,207.0,13,0.0,68.25998258590698,TRUNC
441838,521,38.43345084381069,838,2,34.150032043453,-33.696105957031,109.45079803467,0,0.0,70.77208709716797,TRUNC
442792,522,87.26426217651066,784,56,2054.79891967772,1391.5537109375,240.0,13,0.0,70.26382684707642,TRUNC
443604,523,39.93475032043427,883,2,35.85002136230501,-33.002784729004,110.30078887939,0,0.0,79.32950210571289,TRUNC
444260,524,85.60384255981262,734,54,2029.8022766113102,1388.7047119141,215.0,13,0.0,62.66553449630737,TRUNC
445782,525,88.64154241943301,761,59,2060.38031005862,1393.1000976563,248.0,13,0.0,64.15704989433289,TRUNC
446164,526,58.05889059066723,1280,4,42.500007629390005,-31.62310218811,110.30078887939,0,1.0,108.38310647010803,DEAD
447450,527,84.46364343261402,834,52,2020.32983398439,1392.9620361328,208.0,13,0.0,74.5188660621643,TRUNC
448452,528,-2.0010000000000003,501,1,0.0,364.99722290039,203.0,13,0.0,41.84027552604675,TRUNC
448786,529,56.74848028564414,1311,10,192.576446533203,-34.002784729004,243.0,0,0.0,114.28015184402466,TRUNC
449970,530,87.54667138671728,759,57,2058.51062011717,1393.5698242188,244.0,13,0.0,64.84352231025696,TRUNC
451152,531,52.46593178939772,1183,4,40.502754211418,-31.62310218811,115.50131988525,0,0.0,104.36987853050232,TRUNC
451568,532,87.21381311034833,799,56,2067.37255859379,1393.2796630859,255.0,13,0.0,72.1209557056427,TRUNC
453136,533,87.70037423705728,784,57,2051.70614624023,1394.3038330078,237.0,13,0.0,65.89995455741882,TRUNC
453252,534,45.39975025176974,1050,2,44.65001678467301,-34.002784729004,117.2013168335,0,0.0,89.16332530975342,TRUNC
453796,535,11.036890647888121,272,3,40.500011444087995,-31.62310218811,107.00133514404,0,1.0,23.373478651046753,DEAD
454592,536,87.07301440429428,728,56,2053.4840087891002,1391.4973144531,241.0,13,0.0,61.90193748474121,TRUNC
455534,537,38.71751348113996,869,10,202.626396179203,-34.793319702148,255.0,0,0.0,76.89162039756775,TRUNC
455912,538,83.28136077880659,660,49,2033.1740112305101,1392.9971923828,221.0,13,0.0,59.59816837310791,TRUNC
456842,539,28.736082588195536,654,2,39.950019836423,-33.641708374023,113.05137634277,0,0.0,56.12981390953064,TRUNC
457338,540,87.87761996459678,713,57,2062.74508666997,1393.9925537109,248.0,13,0.0,61.09198546409607,TRUNC
458804,541,87.00851962280063,733,56,2047.92037963871,1393.1015625,233.0,13,0.0,66.08952593803406,TRUNC
459728,542,63.896118347167764,1443,2,39.327865600586996,-32.696105957031,118.15135955811,0,0.0,126.746901512146,TRUNC
461262,543,87.31096673583471,1229,57,2069.18280029302,1393.2796630859,257.0,13,0.0,106.8528561592102,TRUNC
461364,544,34.544500171661106,818,2,39.50001144409,-33.002784729004,118.1513671875,0,1.0,71.64686727523804,DEAD
462264,545,-2.0010000000000003,501,1,0.0,364.99722290039,203.0,13,0.0,41.87762260437012,TRUNC
463008,546,37.61873421478247,822,7,166.076744079593,-34.711135864258,220.0,0,0.0,73.0263442993164,TRUNC
463734,547,84.0200109863263,735,51,2022.52624511717,1393.2066650391,208.0,13,0.0,66.57775235176086,TRUNC
465932,548,85.74340097045518,1099,55,2021.71871948246,1392.8984375,207.0,13,0.0,92.1666169166565,TRUNC
466102,549,69.84920002746641,1547,2,40.466644287111,-33.696105957031,121.40101623535,0,0.0,130.6531045436859,TRUNC
467104,550,21.66599981689441,501,1,7.7999877929700006,-34.002784729004,110.35103607178,0,0.0,47.92609119415283,TRUNC
468212,551,83.2210322570772,1140,49,2057.62429809575,1393.9000244141,243.0,13,0.0,102.20307612419128,TRUNC
468476,552,30.38831446075414,686,2,30.902778625488004,-34.643692016602,118.00102233887,0,0.0,58.11172032356262,TRUNC
468974,553,9.981999908447188,249,1,5.399993896479998,-35.002784729004,112.90103149414,0,1.0,21.184231281280518,DEAD
470360,554,83.5910894164994,1074,50,2054.19097900395,1393.2796630859,242.0,13,0.0,90.87816762924194,TRUNC
470944,555,44.72348575592009,985,7,153.176811218263,-36.002784729004,213.0,0,0.0,83.92567157745361,TRUNC
471812,556,84.50785482787879,726,52,2017.19918823238,1393.2066650391,208.0,13,0.0,66.31861901283264,TRUNC
472814,557,-2.0010000000000003,501,1,0.0,364.99722290039,198.0,13,0.0,41.791640520095825,TRUNC
473532,558,55.725941673278335,1294,10,239.329444885256,-34.002784729004,291.19976806641,0,0.0,113.53099751472473,TRUNC
474716,559,85.8612319030729,951,54,2059.88571166996,1393.9620361328,248.0,13,0.0,81.46896076202393,TRUNC
475692,560,48.65408256530725,1080,2,33.550018310548005,-34.641708374023,123.75095367432,0,0.0,96.15668058395386,TRUNC
476298,561,86.45500494384396,791,55,2052.42803955077,1395.1916503906,245.0,13,0.0,71.70971894264221,TRUNC
476558,562,18.425241653442228,433,1,26.797180175777,-34.793319702148,127.1509475708,0,1.0,37.08708453178406,DEAD
477300,563,-2.0010000000000003,501,1,0.0,364.99722290039,198.0,13,0.0,42.64519739151001,TRUNC
479596,564,66.86870259857194,1519,11,199.226333618163,-34.720317840576,260.10000610352,0,0.0,131.72273778915405,TRUNC
480346,565,88.44818377684936,1523,60,2063.41009521488,1393.3038330078,249.0,13,0.0,132.81813144683838,TRUNC
483772,566,86.07474475096865,1713,57,2015.35522460937,1395.1193847656,234.0,13,0.0,147.02918028831482,TRUNC
484088,567,102.38966551208985,2246,4,40.377700805671005,-34.002784729004,132.60136413574,0,0.0,193.32123827934265,TRUNC
484192,568,0.49799999999999867,52,1,0.0,-35.002784729004,106.25144958496,0,1.0,6.013423442840576,DEAD
485574,569,85.77559805297396,901,55,2015.4674377441102,1390.4973144531,238.0,13,0.0,77.70920443534851,TRUNC
487630,570,85.65088732909715,1028,55,2007.67578124999,1391.9971923828,233.0,13,0.0,91.11300230026245,TRUNC
489130,571,115.03648244476966,2469,10,198.698768615723,-33.002784729004,246.39996337891,0,0.0,212.72347593307495,TRUNC
490382,572,27.972283767700027,626,1,8.79998779297,-34.793319702148,113.80123138428,0,0.0,52.856196641922,TRUNC
490764,573,85.97015377807128,1567,56,2034.69906616215,1392.9000244141,226.0,13,0.0,132.89053082466125,TRUNC
491384,574,22.034708045959363,501,1,9.047203063967004,-35.002784729004,116.35122680664,0,0.0,43.42894434928894,TRUNC
491766,575,-2.0010000000000003,501,1,0.0,364.99722290039,197.0,13,0.0,47.28636717796326,TRUNC
491794,576,7.968749885559155,205,1,6.249992370610002,-37.002784729004,120.60121917725,0,1.0,21.94612216949463,DEAD
493332,577,33.05723580932585,769,6,154.748992919918,-37.002784729004,219.0,0,0.0,65.26405477523804,TRUNC
494334,578,22.05045820617661,501,1,0.09721374511700276,-37.002784729004,112.75103759766,0,0.0,42.862258434295654,TRUNC
494716,579,86.09515686034645,1475,56,2035.63037109375,1395.4927978516,230.0,13,0.0,126.32087635993958,TRUNC
495338,580,22.089480827331272,502,1,8.047203063957,-34.643692016602,118.7010269165,0,0.0,43.414385080337524,TRUNC
496606,581,28.21745095825169,634,2,34.150039672846994,-36.696105957031,119.55102539063,0,0.0,57.39946937561035,TRUNC
497246,582,85.93353866576638,1265,55,2041.93038940433,1392.9971923828,233.0,13,0.0,111.72694945335388,TRUNC
499192,583,59.077082473754366,1293,2,37.950012207028,-34.641708374023,122.10102081299,0,0.0,109.62723660469055,TRUNC
499476,584,4.815283859252897,142,1,3.399993896479998,-34.793319702148,109.35104370117,0,1.0,12.57554578781128,DEAD
500626,585,86.4953929138113,1690,57,2033.72067260746,1394.9971923828,219.0,13,0.0,146.71889925003052,TRUNC
501628,586,-2.0010000000000003,501,1,0.0,364.99722290039,202.0,13,0.0,41.86489820480347,TRUNC
502182,587,62.28397967529251,1353,9,202.798583984378,-34.002784729004,254.0,0,0.0,117.58873248100281,TRUNC
503182,588,84.44792889404115,777,53,1997.9860229492401,1382.8073730469,237.0,13,0.0,65.51788592338562,TRUNC
503376,589,27.839529235839645,597,2,58.550125122071,-34.643692016602,120.55141448975,0,0.0,50.365991830825806,TRUNC
505004,590,36.89875032043433,814,2,32.850021362308006,-34.002784729004,116.30142211914,0,0.0,73.11607599258423,TRUNC
505012,591,85.55240386962755,915,53,2034.26666259771,1393.3189697266,223.0,13,0.0,82.21925115585327,TRUNC
505276,592,41.92083996582036,132,34,882.49566650391,824.52459716797,257.0,13,1.0,11.480234146118164,DEAD
506110,593,24.49877268981924,553,1,5.3999938964900025,-34.643692016602,112.90142822266,0,0.0,47.48671746253967,TRUNC
506708,594,83.73873617553424,716,52,1980.6490173339798,1384.9971923828,220.0,13,0.0,61.05159091949463,TRUNC
507088,595,21.738999725341763,489,1,15.199981689460003,-35.002784729004,119.70141601563,0,1.0,42.15757894515991,DEAD
508662,596,85.14410305785643,977,54,1993.7124328613,1396.1916503906,208.0,13,0.0,87.38029837608337,TRUNC
509132,597,47.89852124023408,1022,5,148.226913452153,-34.793319702148,203.0,0,0.0,91.24899744987488,TRUNC
510134,598,21.995999816894404,501,1,9.79998779297,-38.002784729004,122.25084686279,0,0.0,42.24321532249451,TRUNC
510658,599,84.02862750243594,998,52,1992.29351806637,1396.2796630859,208.0,13,0.0,85.28634595870972,TRUNC
512606,600,82.5109975585914,974,50,1969.88854980472,1386.0944824219,208.69998168945,13,0.0,86.13933658599854,TRUNC
512620,601,56.79677241516071,1243,1,18.59997558594,-34.643692016602,124.80084228516,0,0.0,110.0281081199646,TRUNC
514498,602,42.74299981689422,939,1,10.79998779297,-35.002784729004,122.25084686279,0,0.0,78.88014960289001,TRUNC
514688,603,2.6050000000000013,95,1,0.0,-41.002784729004,122.25084686279,0,1.0,8.492634296417236,DEAD
514840,604,84.14960705565935,1117,52,2006.19042968749,1388.9971923828,237.0,13,0.0,95.40740776062012,TRUNC
515978,605,15.288357692718028,569,15,373.068576812747,511.91647338867,224.0,13,0.0,47.76496410369873,TRUNC
516190,606,34.762540039062266,751,5,131.955917358401,-37.696105957031,200.0,0,0.0,67.25605940818787,TRUNC
518360,607,77.49269018554014,1191,39,2000.9588623046502,1393.2796630859,221.0,13,0.0,104.52768635749817,TRUNC
519658,608,81.07678353882038,1734,1,20.29997253418,-33.793319702148,116.70079040527,0,0.0,146.57611727714539,TRUNC
519976,609,85.39378512573141,808,53,2023.72787475591,1392.2066650391,243.0,13,0.0,69.2900242805481,TRUNC
520864,610,26.72903365325903,603,1,15.049980163569998,-33.793319702148,115.00079345703,0,0.0,55.867592573165894,TRUNC
520978,611,-2.0010000000000003,501,1,0.0,364.99722290039,203.0,13,0.0,46.86767339706421,TRUNC
522066,612,26.26969946289048,601,2,47.627700805666,-34.793319702148,120.95078277588,0,0.0,52.37918519973755,TRUNC
522288,613,3.4489996185302676,111,2,30.666641235351,-35.002784729004,105.6508102417,0,1.0,9.363996744155884,DEAD
523944,614,84.49321124266798,1483,53,2014.46026611324,1396.2796630859,228.0,13,0.0,125.41311383247375,TRUNC
524462,615,50.45573738861047,1087,6,143.849098205568,-36.002784729004,206.0,0,0.0,95.73748803138733,TRUNC
525404,616,83.37273162841582,730,50,2003.9320678711401,1392.9971923828,221.0,13,0.0,66.65717506408691,TRUNC
526154,617,37.30657617950413,846,2,55.752815246583005,-33.793319702148,115.0509262085,0,0.0,72.15326023101807,TRUNC
528048,618,42.57270077514605,947,2,34.700027465813,-33.696105957031,113.35092926025,0,0.0,79.82327508926392,TRUNC
529050,619,22.165999816894413,501,1,7.7999877929700006,-34.002784729004,109.95093536377,0,0.0,46.506123542785645,TRUNC
529194,620,86.27577194213157,1895,57,2020.0237731934,1396.3582763672,235.0,13,1.0,165.03067064285278,DEAD
529898,621,18.222249656677047,424,1,17.749977111809997,-34.002784729004,120.15091705322,0,1.0,37.10545492172241,DEAD
530662,622,84.20484750365897,734,53,1972.61764526366,1383.9971923828,211.0,13,0.0,63.67397928237915,TRUNC
532156,623,51.393233009337955,1129,8,175.426628112793,-35.002784729004,233.0,0,0.0,97.48106455802917,TRUNC
533488,624,86.0116885681088,1413,55,2031.00704956053,1395.9971923828,244.0,13,0.0,124.51189517974854,TRUNC
534490,625,-2.0010000000000003,501,1,0.0,364.99722290039,200.0,13,0.0,42.24415731430054,TRUNC
535366,626,72.69828384399494,1605,3,38.466659545895006,-34.793319702148,129.30111694336,0,0.0,140.6422553062439,TRUNC
536402,627,86.36949743652067,956,55,2031.33813476564,1396.1502685547,243.0,13,0.0,81.96277785301208,TRUNC
537300,628,43.84824974822959,967,1,14.349983215329999,-35.002784729004,120.80114746094,0,0.0,86.50443863868713,TRUNC
537452,629,1.6599999084471977,76,1,6.399993896479998,-35.002784729004,114.85115814209,0,1.0,6.823620796203613,DEAD
537870,630,77.87622567748902,734,39,1995.57052612308,1394.9000244141,217.09994506836,13,0.0,67.39351487159729,TRUNC
539362,631,84.58285284423528,746,52,2020.3401489257699,1388.9971923828,252.0,13,0.0,63.65187382698059,TRUNC
539992,632,58.42626396179148,1270,10,193.276428222653,-34.793319702148,247.0,0,0.0,107.71569108963013,TRUNC
540364,633,-2.0010000000000003,501,1,0.0,364.99722290039,202.0,13,0.0,42.35633111000061,TRUNC
541068,634,23.663492042541424,538,1,6.347206115727005,-34.793319702148,114.40134429932,0,0.0,50.56244087219238,TRUNC
542070,635,21.879999908447207,501,1,5.3999938964900025,-35.002784729004,114.40134429932,0,0.0,43.13327217102051,TRUNC
543118,636,85.79439282226016,1377,55,2037.6695556640202,1394.5144042969,251.0,13,0.0,122.53458213806152,TRUNC
543556,637,33.35128367614717,743,1,15.199981689449999,-34.793319702148,124.60132598877,0,0.0,63.656052350997925,TRUNC
544120,638,-2.0010000000000003,501,1,0.0,364.99722290039,201.0,13,0.0,42.64597940444946,TRUNC
545008,639,32.76191709899876,726,2,31.000030517576995,-37.905563354492,124.60132598877,0,1.0,65.959397315979,DEAD
546624,640,39.144486877441174,808,5,150.776885986333,-35.002784729004,209.0,0,0.0,68.20071768760681,TRUNC
546636,641,85.5180272216756,1258,54,2034.39672851561,1396.3052978516,245.0,13,0.0,111.37352561950684,TRUNC
546872,642,36.76129496765136,118,30,748.228408813476,784.20672607422,237.0,13,1.0,10.286301136016846,DEAD
547626,643,22.310999816894405,501,1,10.79998779297,-35.002784729004,118.05088806152,0,0.0,43.35998344421387,TRUNC
548540,644,83.40214669799677,834,50,1996.6575622559,1396.2066650391,208.54997253418,13,0.0,70.74569082260132,TRUNC
548638,645,22.202450202941794,506,1,7.949989318850001,-37.696105957031,124.00087738037,0,0.0,43.32025909423828,TRUNC
549868,646,90.15869531249953,664,62,2052.1773681641002,1396.2066650391,240.0,13,0.0,61.627612829208374,TRUNC
549934,647,29.183999816894328,648,1,10.79998779297,-35.002784729004,117.2008895874,0,0.0,60.2887167930603,TRUNC
550870,648,-2.0010000000000003,501,1,0.0,364.99722290039,204.0,13,0.0,43.18015503883362,TRUNC
551226,649,28.2825344314574,646,2,34.15003204346301,-34.793319702148,113.80089569092,0,0.0,55.156423807144165,TRUNC
552422,650,85.37206808471564,776,53,2032.70260620121,1390.4147949219,221.0,13,0.0,65.81613755226135,TRUNC
552656,651,32.357533607482736,715,1,17.74997711182,-34.793319702148,121.45088195801,0,1.0,60.823089599609375,DEAD
554386,652,88.81204556274201,982,60,2031.87857055668,1396.2066650391,217.0,13,0.0,87.87288451194763,TRUNC
555138,653,55.75598040008494,1241,9,181.07645416259302,-37.002784729004,243.0,0,0.0,110.43093752861023,TRUNC
555962,654,88.72657366943183,788,59,2062.24920654295,1395.9000244141,250.0,13,0.0,68.24364686012268,TRUNC
556140,655,21.492749885558858,501,1,6.249992370599998,-38.002784729004,119.75131988525,0,0.0,43.66335940361023,TRUNC
556964,656,-2.0010000000000003,501,1,0.0,364.99722290039,199.0,13,0.0,43.0850625038147,TRUNC
557966,657,-2.0010000000000003,501,1,0.0,364.99722290039,205.0,13,0.0,46.71048331260681,TRUNC
559190,658,71.38724956512519,1525,1,22.1499710083,-34.002784729004,119.75131988525,0,0.0,133.39715766906738,TRUNC
559366,659,85.14626342773126,700,52,2052.55407714842,1396.2344970703,244.0,13,0.0,59.76453733444214,TRUNC
560178,660,22.011249900817717,494,2,29.683326721190006,-35.002784729004,113.80133056641,0,1.0,43.5162239074707,DEAD
561004,661,87.01372109984993,819,56,2024.8758850097502,1395.9971923828,220.0,13,0.0,69.99767804145813,TRUNC
562510,662,53.56860609435995,1166,7,184.723724365235,-35.905563354492,245.0,0,0.0,102.37383151054382,TRUNC
563164,663,80.83809982299415,1080,44,2036.8155212402,1396.2066650391,228.0,13,0.0,95.5665717124939,TRUNC
563600,664,24.295999908447033,545,1,5.399993896479998,-35.002784729004,114.1012802124,0,0.0,47.20755386352539,TRUNC
564816,665,27.20703383636448,608,1,7.249992370599998,-34.793319702148,114.95127868652,0,0.0,51.174140214920044,TRUNC
564896,666,86.75016409301601,866,56,2030.01980590824,1396.2066650391,221.0,13,0.0,75.17826318740845,TRUNC
565898,667,-2.0010000000000003,501,1,0.0,364.99722290039,202.0,13,0.0,45.55315542221069,TRUNC
566144,668,30.11478372192375,664,1,9.499984741220004,-33.793319702148,109.00128936768,0,0.0,60.76533079147339,TRUNC
567772,669,37.40908277130109,814,2,34.15003204346301,-34.641708374023,111.55128479004,0,0.0,70.2119529247284,TRUNC
568218,670,82.7523867797818,1160,49,2018.9089965820701,1393.5944824219,235.0,13,0.0,100.35570621490479,TRUNC
568774,671,22.39323118591293,501,6,142.948745727538,-36.002784729004,205.0,0,0.0,44.15978384017944,TRUNC
569596,672,82.8142235717772,689,49,1994.2929077148901,1396.1665039063,208.0,13,0.0,63.972673416137695,TRUNC
571222,673,83.58375277709821,813,50,2012.67233276371,1395.9000244141,225.0,13,0.0,69.63164377212524,TRUNC
572660,674,85.52485025024106,719,54,2009.6178283691302,1383.9971923828,248.0,13,0.0,61.593971729278564,TRUNC
572904,675,96.18100025177398,2065,3,32.400016784663,-34.002784729004,128.5008392334,0,0.0,180.89806818962097,TRUNC
573906,676,22.296999725341607,501,1,13.199981689449999,-34.002784729004,114.05087280273,0,0.0,48.42095589637756,TRUNC
574444,677,81.19687771606024,892,46,2008.61965942381,1395.9971923828,218.84999084473,13,0.0,82.00471663475037,TRUNC
575268,678,30.677075675964097,681,2,33.452781677243,-34.793319702148,113.20087432861,0,1.0,59.0066614151001,DEAD
577276,679,85.58831625365796,1416,55,2025.22994995121,1388.2066650391,255.0,13,0.0,121.44615840911865,TRUNC
577922,680,47.09923012542689,1327,8,189.02643585205303,-35.002784729004,249.39996337891,0,0.0,118.29627108573914,TRUNC
578926,681,86.97547790527246,825,57,1982.64282226567,1391.9000244141,208.0,13,0.0,76.30564188957214,TRUNC
581658,682,86.91277349853141,1366,58,2001.85992431645,1391.5679931641,227.0,13,0.0,119.80103397369385,TRUNC
581760,683,89.91149161911325,1919,3,42.752750396727,-32.696105957031,117.65133666992,0,0.0,168.18161940574646,TRUNC
582660,684,-2.0010000000000003,501,1,0.0,364.99722290039,200.0,13,0.0,43.1442666053772,TRUNC
582838,685,24.107999816894388,539,1,7.7999877929700006,-34.002784729004,110.00135803223,0,1.0,46.27818012237549,DEAD
585506,686,63.083978973388376,1334,10,191.087539672854,-34.641708374023,245.0,0,0.0,113.05470442771912,TRUNC
585814,687,86.446334655756,1577,55,2065.02777099608,1395.9000244141,251.0,13,0.0,138.63220691680908,TRUNC
586508,688,22.457749885558854,501,1,7.249992370599998,-35.002784729004,114.9513092041,0,0.0,47.97335195541382,TRUNC
589000,689,86.74145861815893,1593,57,2026.29492187502,1396.2066650391,220.0,13,0.0,135.42010879516602,TRUNC
589570,690,72.27470068359459,1531,2,39.100021362303,-33.696105957031,111.55131530762,0,0.0,130.7144513130188,TRUNC
590368,691,17.583375297546368,399,2,36.825019836431004,-33.002784729004,102.20133209229,0,1.0,39.22805047035217,DEAD
591236,692,85.29864779662802,1118,53,2026.71871948246,1396.2066650391,218.0,13,0.0,102.32301259040833,TRUNC
592094,693,39.98126483154265,863,10,186.476486206053,-34.793319702148,238.0,0,0.0,75.51084589958191,TRUNC
593014,694,87.06490731811347,889,56,2035.86935424808,1396.2066650391,227.0,13,0.0,77.66541528701782,TRUNC
593874,695,41.34197368621787,890,1,12.899978637690992,-33.720317840576,109.65129089355,0,0.0,77.82780861854553,TRUNC
594720,696,87.08284091186339,853,55,2060.69577026366,1394.8579101563,251.0,13,0.0,77.93389964103699,TRUNC
595068,697,27.251791198730256,597,2,31.252746582030007,-34.002784729004,107.10129547119,0,0.0,56.33601236343384,TRUNC
596960,698,86.63486038207759,1120,56,2026.01321411136,1396.1665039063,218.0,13,0.0,96.59282755851746,TRUNC
597058,699,46.30645084381059,995,2,34.150032043453,-33.696105957031,107.95129394531,0,0.0,84.57719612121582,TRUNC
597926,700,19.2167497024535,434,2,14.049980163574006,-32.002784729004,106.25129699707,0,1.0,37.77537941932678,DEAD
598908,701,86.02368539428349,974,54,2035.83468627931,1396.0166015625,227.0,13,0.0,88.62413954734802,TRUNC
600736,702,66.76022918701182,1405,12,205.626373291016,-32.002784729004,245.0,0,0.0,124.3509111404419,TRUNC
601486,703,87.88362374877431,1289,58,2043.52890014652,1396.3341064453,234.0,13,0.0,110.39402890205383,TRUNC
601912,704,26.477159111022768,588,3,39.925006866456,-31.7933177948,98.801406860352,0,0.0,51.32483887672424,TRUNC
603528,705,88.08075247192154,1021,58,2043.00564575199,1395.9000244141,234.0,13,0.0,91.62430548667908,TRUNC
603728,706,41.96303380203213,908,2,7.64998626709,-31.7933177948,93.701416015625,0,0.0,82.0935161113739,TRUNC
604950,707,27.74774212264993,611,2,3.4972076416010083,-31.7933177948,92.851417541504,0,0.0,53.240172147750854,TRUNC
605428,708,9.510999999999992,239,1,0.0,-32.002784729004,92.851417541504,0,1.0,20.895975351333618,DEAD
605596,709,87.66685678100119,1034,58,2015.78024291991,1391.1495361328,207.0,13,0.0,91.29499673843384,TRUNC
607212,710,86.56665042113859,808,55,2017.67117309566,1395.9971923828,209.0,13,0.0,73.8436598777771,TRUNC
607516,711,50.0519329032894,1044,12,193.72658538818402,-31.696100234985,228.0,0,0.0,94.76850628852844,TRUNC
608214,712,-2.0010000000000003,501,1,0.0,364.99722290039,204.0,13,0.0,42.607481718063354,TRUNC
608766,713,28.16395032882672,625,2,8.64998626709,-31.696100234985,90.301200866699,0,0.0,53.45390057563782,TRUNC
610038,714,28.90849188232402,636,1,22.54718780517601,-32.793315887451,84.351211547852,0,0.0,54.52081561088562,TRUNC
610248,715,88.12794598388464,1017,58,2042.5219116211401,1396.2066650391,234.0,13,0.0,88.16079354286194,TRUNC
611848,716,41.81349983215297,905,2,29.233322143554012,-35.002784729004,76.701225280762,0,0.0,82.5227541923523,TRUNC
612392,717,83.58419216918563,1072,50,2020.0749816895,1395.8466796875,211.0,13,0.0,96.77282094955444,TRUNC
612850,718,22.488457931518408,501,1,19.29719543457,-35.002784729004,76.701225280762,0,0.0,44.2902135848999,TRUNC
612868,719,-1.559,9,1,0.0,-44.002784729004,66.501243591309,0,1.0,1.631488561630249,DEAD
615042,720,86.46407333373477,1325,55,2056.21456909177,1393.8729248047,249.0,13,0.0,117.37610745429993,TRUNC
615118,721,54.68140829086257,1125,9,203.00822448730497,-31.7933177948,230.0,0,0.0,98.85636162757874,TRUNC
616508,722,31.90799972534156,695,1,18.19998168945301,-33.002784729004,82.101264953613,0,0.0,60.6876962184906,TRUNC
617222,723,84.80362319945966,1090,53,2016.0799865722902,1385.7585449219,251.0,13,0.0,95.79568290710449,TRUNC
618380,724,43.555075630187645,936,2,39.652778625488004,-33.793319702148,81.251274108887,0,0.0,83.2397289276123,TRUNC
619382,725,22.235499862670753,501,1,9.099990844725994,-36.002784729004,76.15128326416,0,0.0,47.082828521728516,TRUNC
619500,726,87.38529840087513,1139,57,2042.2842407226199,1396.2066650391,235.0,13,0.0,104.26950716972351,TRUNC
620316,727,19.91912489700306,467,4,49.07499313354501,-40.002784729004,71.051292419434,0,1.0,41.20219874382019,DEAD
620916,728,86.09908389281986,708,53,2059.1954650878497,1396.3161621094,251.0,13,0.0,61.995893478393555,TRUNC
622100,729,42.93770573425259,892,8,190.026542663573,-33.720317840576,236.0,0,0.0,77.9017539024353,TRUNC
623300,730,26.88891624450666,600,4,39.733303070071,-31.905561447144,106.80123138428,0,0.0,54.993409633636475,TRUNC
623596,731,87.2595320129333,1340,57,2045.99661254881,1395.9971923828,237.0,13,0.0,120.06414198875427,TRUNC
625196,732,87.53529159545816,800,56,2057.71383666996,1396.3305664063,249.0,13,0.0,69.82247829437256,TRUNC
625504,733,50.8962007980342,1102,2,32.600028991695005,-33.696105957031,107.6512298584,0,0.0,97.64365744590759,TRUNC
626588,734,24.25640820312489,542,2,36.141616821292,-33.793319702148,110.20121765137,0,0.0,48.230732917785645,TRUNC
626932,735,86.21857180785973,868,55,2024.71365356449,1396.2066650391,216.0,13,0.0,81.97563695907593,TRUNC
627640,736,23.121750434875352,526,3,35.850028991701,-32.002784729004,103.4012298584,0,0.0,51.05067729949951,TRUNC
627654,737,-1.6569999999999998,7,1,0.0,-33.002784729004,95.751243591309,0,1.0,1.2833583354949951,DEAD
628458,738,88.53943118286045,763,58,2059.1042785645,1396.2066650391,250.0,13,0.0,67.4915919303894,TRUNC
629988,739,55.62510189819291,1167,8,180.186283111573,-31.720315933228,209.0,0,0.0,101.96788382530212,TRUNC
629994,740,87.94300448608033,768,57,2051.84884643556,1393.4534912109,242.0,13,0.0,67.85264277458191,TRUNC
631132,741,25.42678377914411,572,3,9.499984741211009,-31.7933177948,96.800956726074,0,0.0,54.54905700683594,TRUNC
631788,742,85.19456814575008,897,53,2021.71340942386,1396.2066650391,213.0,13,0.0,82.92786145210266,TRUNC
632134,743,22.365999816894345,501,1,7.799987792965993,-33.002784729004,103.60094451904,0,0.0,44.817553758621216,TRUNC
633136,744,22.09074961090076,501,1,19.44997406006,-34.002784729004,118.0509185791,0,0.0,43.988966941833496,TRUNC
634536,745,87.5521686706503,1374,58,2054.02011108402,1396.2066650391,245.0,13,0.0,120.14499998092651,TRUNC
635014,746,43.73472385024986,939,4,31.683319091796,-31.720315933228,109.55093383789,0,1.0,86.04385352134705,DEAD
635892,747,85.31510592651077,678,53,2004.8684997559,1396.3470458984,215.0,13,0.0,63.74890375137329,TRUNC
637732,748,86.13188278198076,920,54,2059.0677185059103,1396.2066650391,250.0,13,0.0,81.03563404083252,TRUNC
637742,749,65.86926520919799,1364,12,203.07650756836003,-31.7933177948,238.0,0,0.0,119.4468297958374,TRUNC
639852,750,48.34457471847492,1055,4,38.691612243649,-31.696100234985,110.50124359131,0,0.0,96.60601806640625,TRUNC
640138,751,87.85392550658871,1203,58,2049.40390014653,1396.2066650391,235.0,13,0.0,109.61112093925476,TRUNC
640934,752,23.410075706481788,541,2,36.125022888184,-33.696105957031,109.65125274658,0,0.0,48.34588074684143,TRUNC
641680,753,85.61575064086799,771,54,2016.0055236816802,1393.9000244141,207.0,13,0.0,68.86694240570068,TRUNC
642444,754,34.32132560729948,755,2,36.002777099603,-33.793319702148,112.20124816895,0,1.0,66.74391651153564,DEAD
643176,755,85.99239596557527,748,54,2024.96859741215,1396.2066650391,214.0,13,0.0,70.50982689857483,TRUNC
644704,756,54.187954864501506,1130,11,192.576484680176,-33.720317840576,238.0,0,0.0,104.56961941719055,TRUNC
645758,757,86.98447531127542,1291,57,2037.92050170901,1395.9000244141,229.0,13,0.0,114.99953866004944,TRUNC
646150,758,32.286140911102,723,4,35.850028991696,-31.62310218811,104.55129241943,0,0.0,64.13508486747742,TRUNC
646760,759,-2.0010000000000003,501,1,0.0,364.99722290039,199.0,13,0.0,42.415836572647095,TRUNC
647176,760,22.700783779144153,513,3,10.499984741212003,-31.7933177948,101.15129852295,0,0.0,47.29153251647949,TRUNC
647762,761,-2.0010000000000003,501,1,0.0,364.99722290039,202.0,13,0.0,46.71256732940674,TRUNC
648320,762,25.715533664703184,572,3,14.749977111816008,-31.7933177948,99.451301574707,0,0.0,49.922027587890625,TRUNC
649380,763,23.722033710479604,530,3,13.049980163575995,-31.7933177948,100.30130004883,0,0.0,47.23550605773926,TRUNC
649762,764,7.204999908447305,191,1,4.399993896485995,-33.002784729004,100.30130004883,0,1.0,17.51567792892456,DEAD
649960,765,87.3003002319299,1099,57,2032.81219482419,1396.2066650391,223.0,13,0.0,98.64969992637634,TRUNC
651440,766,88.63444564819241,740,59,2043.90524291996,1396.2066650391,234.0,13,0.0,73.64389061927795,TRUNC
651616,767,44.59161740112268,927,10,214.15718078613298,-32.821914672852,256.0,0,0.0,91.22662711143494,TRUNC
653058,768,84.5699573669416,809,51,2064.81930541993,1390.9000244141,256.0,13,0.0,75.29058599472046,TRUNC
654226,769,61.155332336425346,1305,3,47.30000686645901,-31.641710281372,108.10145568848,0,0.0,118.30495858192444,TRUNC
655594,770,31.109450374603043,684,3,6.949989318846988,-31.696100234985,99.601470947266,0,0.0,63.2112193107605,TRUNC
655822,771,85.7920019226026,1382,55,2031.15560913085,1395.9000244141,219.0,13,0.0,125.4919273853302,TRUNC
656596,772,22.36074961090076,501,2,17.44997406006,-32.002784729004,109.80145263672,0,0.0,45.815799951553345,TRUNC
656820,773,3.388000000000007,112,1,0.0,-35.002784729004,108.10145568848,0,1.0,10.77485179901123,DEAD
658030,774,85.13418084716494,1104,54,2019.5770874024001,1396.3563232422,213.0,13,0.0,98.61250615119934,TRUNC
661014,775,86.42602780150771,1492,56,2043.42172241215,1396.2344970703,229.0,13,0.0,137.50464391708374,TRUNC
661542,776,111.02901802445045,2361,11,183.52669525146501,-31.7933177948,219.0,0,0.0,214.5814127922058,TRUNC
662468,777,87.54113644409094,727,56,2066.81796264652,1396.2066650391,255.0,13,0.0,66.23478722572327,TRUNC
662936,778,31.618201129913096,697,4,40.400039672851,-31.696100234985,105.95108032227,0,0.0,63.02402424812317,TRUNC
663856,779,88.69324441528161,694,59,2038.09182739256,1396.2066650391,229.0,13,0.0,67.71487307548523,TRUNC
664016,780,23.61499954223614,540,1,22.99996948242,-33.002784729004,122.95104980469,0,1.0,53.56769371032715,DEAD
665250,781,82.38102017211756,697,47,2030.8102111816302,1396.2066650391,222.0,13,0.0,62.735875368118286,TRUNC
666044,782,48.397561508178306,1014,11,207.04855346679702,-33.641708374023,254.0,0,0.0,89.32953596115112,TRUNC
666252,783,-2.0010000000000003,501,1,0.0,364.99722290039,203.0,13,0.0,43.088916301727295,TRUNC
667730,784,38.811522666930756,843,1,6.249992370599998,-34.643692016602,112.90145874023,0,0.0,79.27171754837036,TRUNC
667762,785,89.39161956786825,755,60,2052.37860107423,1396.3341064453,246.0,13,0.0,73.42664456367493,TRUNC
670020,786,86.0928559265103,1129,55,2030.09603881841,1396.3582763672,227.0,13,0.0,102.9931812286377,TRUNC
670104,787,55.09782585906932,1187,2,29.902793884273002,-33.793319702148,111.20146942139,0,0.0,110.58171463012695,TRUNC
671106,788,22.01025045776353,501,2,30.750030517578004,-34.002784729004,110.35147094727,0,0.0,46.111631870269775,TRUNC
671280,789,2.2089920883179825,87,1,2.6472091674870057,-34.793319702148,110.35147094727,0,1.0,8.156658411026001,DEAD
671408,790,83.77740029907078,694,50,2017.0355529785102,1396.2066650391,209.0,13,0.0,64.39989686012268,TRUNC
673522,791,53.17673086547807,1121,10,196.848663330078,-34.002784729004,249.0,0,0.0,102.64021873474121,TRUNC
673916,792,85.41712380980863,1254,54,2026.64651489261,1396.3919677734,218.0,13,0.0,114.26435542106628,TRUNC
676136,793,61.448749702453156,1307,1,13.049980163579008,-33.002784729004,112.15135192871,0,0.0,121.0351574420929,TRUNC
676888,794,84.60505087279809,1486,53,2011.67892456058,1396.2066650391,224.0,13,0.0,137.31451058387756,TRUNC
677646,795,34.42199199676493,755,2,37.852775573733005,-33.696105957031,109.60135650635,0,0.0,67.64457178115845,TRUNC
677890,796,-2.0010000000000003,501,1,0.0,364.99722290039,200.0,13,0.0,44.219576835632324,TRUNC
678570,797,20.48658272552471,462,2,35.850028991693,-34.641708374023,114.70134735107,0,1.0,41.54600787162781,DEAD
680106,798,85.80662493896216,1108,56,1985.7804565430101,1391.9000244141,209.0,13,0.0,104.23444080352783,TRUNC
680510,799,47.59376712799034,970,11,187.498817443848,-33.793319702148,236.0,0,0.0,91.66115355491638,TRUNC
682222,800,85.81423495482923,1058,55,2020.84347534178,1385.9971923828,256.0,13,0.0,95.85074162483215,TRUNC
682230,801,39.89295024871787,860,1,4.249992370599998,-33.696105957031,109.35119628906,0,0.0,77.93049478530884,TRUNC
684696,802,58.345553218841204,1233,13,218.623512268066,-31.696100234985,259.7998046875,0,0.0,116.28343653678894,TRUNC
685036,803,86.59163174437946,1407,58,1987.4171447753802,1391.9235839844,212.0,13,0.0,133.31954956054688,TRUNC
685710,804,22.701876266479417,507,3,36.591751098637,-33.002784729004,105.95124816895,0,1.0,45.41084814071655,DEAD
686038,805,-2.0010000000000003,501,1,0.0,364.99722290039,197.0,13,0.0,43.57968020439148,TRUNC
687198,806,35.509438682555924,744,14,228.42140960693402,-33.793319702148,251.0,0,0.0,78.31317663192749,TRUNC
687692,807,8.04396364974976,247,11,124.04758453369,-27.994455337524,109.8472366333,0,1.0,31.64165687561035,DEAD
687780,808,4.721883159637461,44,6,168.70885848999,-10.994457244873,174.41796875,0,1.0,7.851808786392212,DEAD
688694,809,90.47966357421505,1328,64,2043.3697509766002,1396.2066650391,252.0,13,0.0,166.42226338386536,TRUNC
689142,810,34.509585846900656,681,16,207.147612571716,-9.6961059570313,320.46984863281,0,0.0,87.27049112319946,TRUNC
690148,811,85.69092617797719,727,54,2023.4706115722802,1396.2066650391,219.0,13,0.0,85.6603353023529,TRUNC
690580,812,32.807582279205064,719,3,47.050006866455,-10.641712188721,101.66891479492,0,0.0,87.96878719329834,TRUNC
691660,813,82.22424978637457,756,47,2033.32620239259,1393.3563232422,253.0,13,0.0,143.75886917114258,TRUNC
693228,814,87.9196711120575,784,59,1994.56771850585,1391.849609375,221.0,13,0.0,126.91395783424377,TRUNC
693228,815,64.38916641330704,1324,7,228.45883083343602,-9.7933206558228,231.0,0,0.0,244.10988640785217,TRUNC
694710,816,86.16416708373762,741,55,2026.37228393558,1395.9971923828,235.0,13,0.0,113.76365733146667,TRUNC
694940,817,39.603200015067735,856,3,39.333308219909995,-8.6961059570313,104.35118865967,0,0.0,127.24195599555969,TRUNC
696270,818,30.32753360748268,665,1,13.749977111817003,-10.793320655823,91.601211547852,0,1.0,96.27157688140869,DEAD
696626,819,84.44016696166683,958,52,2025.48666381833,1396.2066650391,211.0,13,0.0,143.40180206298828,TRUNC
698206,820,84.53310531616003,790,52,2023.81588745116,1396.2066650391,209.0,13,0.0,110.79763197898865,TRUNC
698702,821,59.349895771979824,1216,12,240.226378440857,-7.6139011383057,245.0,0,0.0,179.1700291633606,TRUNC
699596,822,85.19365158080893,695,53,2022.79891967772,1393.9000244141,208.0,13,0.0,101.34367609024048,TRUNC
699984,823,28.846515640258563,641,3,32.602779388427,-9.7203197479248,104.75135040283,0,0.0,96.17048120498657,TRUNC
700146,824,-0.3310000000000003,266,2,35.0,376.99722290039,227.0,0,1.0,62.79412603378296,DEAD
700212,825,17.968742248535243,33,13,351.67169189453,647.19165039063,239.0,0,1.0,5.815003395080566,DEAD
700300,826,19.279179244995134,44,15,354.89228820801,652.96258544922,242.0,0,1.0,5.9059107303619385,DEAD
700388,827,18.68819970703124,44,14,359.97937011719,650.7197265625,237.0,0,1.0,5.814099311828613,DEAD
700496,828,23.83876779174784,54,14,369.65664672851,652.90002441406,241.0,1,1.0,19.05217146873474,DEAD
700538,829,15.928123992919945,21,10,308.21926879883,650.49725341797,200.0,1,1.0,2.8764700889587402,DEAD
700626,830,19.261387268066336,44,15,350.53594970703,651.21435546875,240.0,1,1.0,6.648911952972412,DEAD
701146,831,16.37755578048514,260,19,331.1680456846896,455.30392456055,255.78753662109,1,0.9999999999999998,35.27146863937378,DEAD
701200,832,17.364818923950192,27,12,335.4388885498,648.31060791016,218.0,1,1.0,4.02287745475769,DEAD
701288,833,18.40598908996559,44,13,355.3236541748,653.64056396484,238.0,1,1.0,6.60384202003479,DEAD
701376,834,18.40689645385744,44,13,366.90322875977,651.21435546875,245.0,1,1.0,7.223775148391724,DEAD
701416,835,16.553072204589746,20,11,317.04827880859,650.21435546875,208.0,1,1.0,2.712024688720703,DEAD
701452,836,16.347319061279396,18,11,310.99844360352,647.98083496094,209.0,1,1.0,2.351334810256958,DEAD
701482,837,15.3171022796631,15,9,306.88392639159997,650.59753417969,205.0,1,1.0,2.3253400325775146,DEAD
701554,838,32.364710601806536,36,12,347.65975952148,650.82989501953,229.45002746582,4,1.0,4.673059463500977,DEAD
701620,839,18.25696070861799,33,12,396.80284118652,655.90002441406,245.45002746582,4,1.0,4.574127435684204,DEAD
701688,840,17.252993026733133,34,11,371.95497131346997,648.22503662109,247.0,4,1.0,4.94050669670105,DEAD
701726,841,38.60381233596768,871,9,200.876388549805,-7.6139011383057,219.54997253418,0,0.0,156.97207713127136,TRUNC
701766,842,18.417185302734286,39,13,374.55114746094,655.90002441406,247.0,4,1.0,5.494769811630249,DEAD
701800,843,17.12125233459505,17,12,326.54997253419003,653.49725341797,212.0,4,1.0,2.1982805728912354,DEAD
701832,844,17.1449954071046,16,12,327.62190246581997,651.19165039063,216.0,4,1.0,2.5353574752807617,DEAD
701920,845,19.30758863067613,44,15,366.01744842529,653.34698486328,218.0,4,1.0,4.89994478225708,DEAD
701988,846,16.886721511840726,34,11,339.91142272949,655.37109375,198.0,4,1.0,4.82388162612915,DEAD
702076,847,19.559732490539435,44,15,372.38762664795,656.90002441406,242.0,4,1.0,4.531155824661255,DEAD
702164,848,19.139918304443476,44,15,360.48342895508,652.19165039063,204.0,4,1.0,4.642781019210815,DEAD
702296,849,20.140974697113357,66,16,392.409336090092,651.19165039063,199.0,4,1.0,6.423840045928955,DEAD
702384,850,17.82688088989253,44,12,364.80514526367,656.26287841797,239.0,4,1.0,4.367433547973633,DEAD
702544,851,20.326564292907833,80,16,396.43881988526,655.82989501953,249.0,4,1.0,8.730276346206665,DEAD
702820,852,24.294749677657908,547,3,36.78331375122001,-10.002785682678,98.001014709473,0,0.0,58.15678548812866,TRUNC
703738,853,42.5762464599619,597,33,737.74182128907,673.20672607422,243.0,5,0.0,60.2374963760376,TRUNC
703840,854,20.086245025634916,51,16,400.03854370117597,649.19165039063,236.0,5,1.0,6.365607738494873,DEAD
703882,855,16.910500625610297,21,12,312.32212829590003,651.19171142578,197.0,5,1.0,2.8065288066864014,DEAD
703930,856,24.30029141902905,555,3,44.352759361266,-8.0027847290039,104.80101013184,0,0.0,60.80231285095215,TRUNC
705094,857,34.928022140503856,606,30,737.7935333252,665.20672607422,243.0,5,0.0,90.52140998840332,TRUNC
705218,858,21.14598118591298,62,17,421.477798461914,655.82989501953,255.0,5,1.0,9.455325841903687,DEAD
705334,859,18.525866424560306,58,14,351.72988891601,654.90002441406,220.0,5,1.0,7.3877458572387695,DEAD
705466,860,20.37033029937747,66,16,401.366355896,653.49725341797,255.0,5,1.0,6.4606404304504395,DEAD
705596,861,20.9183355712894,65,17,415.500061035162,652.19165039063,243.0,5,1.0,7.0117104053497314,DEAD
706240,862,52.39010760784107,1155,4,43.67383861541699,-8.0027847290039,102.25102996826,0,1.0,150.8875675201416,DEAD
706900,863,75.02580685424809,652,53,1434.85360717777,1003.997253418,219.0,7,1.0,70.38944888114929,DEAD
706990,864,19.413521270751986,45,15,384.12362670898,651.19165039063,254.0,7,1.0,5.92449426651001,DEAD
707032,865,16.971751617431796,21,12,314.79434204102,656.19171142578,203.0,7,1.0,2.221999168395996,DEAD
707120,866,19.15989427185057,44,15,350.07313537598,656.39599609375,200.0,7,1.0,4.074195623397827,DEAD
707238,867,20.415483413696457,59,18,343.20597839356003,656.376953125,231.30001831055,7,1.0,6.695216178894043,DEAD
707324,868,18.90093939971938,43,14,375.4569015503,655.90002441406,247.0,7,1.0,3.831974983215332,DEAD
707412,869,18.78758073425268,44,14,366.91084289549997,653.90002441406,209.0,7,1.0,4.158909559249878,DEAD
707500,870,18.607228713989276,44,14,358.26676940918003,652.21032714844,243.0,7,1.0,3.9378058910369873,DEAD
707588,871,18.768144927978582,44,14,369.75399780274,653.49725341797,245.0,7,1.0,4.486823081970215,DEAD
707784,872,37.76418544101689,772,9,207.0767660141,-8.6961059570313,214.0,0,0.0,86.16870045661926,TRUNC
708764,873,37.02392337036199,588,32,699.7337341308601,668.5,205.0,7,0.0,77.03563833236694,TRUNC
708854,874,19.182070693969596,45,14,389.27684020996,655.90002441406,246.0,7,1.0,4.269340991973877,DEAD
708894,875,9.36479507446305,20,8,204.33938598633,524.4873046875,245.0,7,1.0,1.8955283164978027,DEAD
708982,876,18.869117218017376,44,14,363.01327514648,656.90002441406,238.0,7,1.0,3.894719123840332,DEAD
709068,877,18.533734542847036,43,14,358.39332580567,652.19165039063,245.0,7,1.0,3.576354742050171,DEAD
709442,878,36.76849190807311,829,3,38.552767753600996,-8.6961059570313,105.20098114014,0,0.0,94.45956015586853,TRUNC
710288,879,37.55231491088965,610,34,720.1541442871101,662.49725341797,228.0,7,0.0,55.72623133659363,TRUNC
710344,880,16.75349406433104,28,11,335.37727355956997,652.99725341797,230.0,7,1.0,3.4480762481689453,DEAD
710432,881,18.98975030517593,44,14,366.97222900391,653.94165039063,236.0,7,1.0,4.721881628036499,DEAD
710476,882,17.574721191406393,22,13,322.04040527344,653.50659179688,209.0,7,1.0,2.810178756713867,DEAD
710562,883,19.306318885803435,43,15,379.86159515381,652.21032714844,238.0,7,1.0,4.413295745849609,DEAD
711092,884,35.262191739082155,825,2,36.090563774116,-7.8083429336548,106.90097808838,0,0.0,80.81414484977722,TRUNC
711764,885,37.929504226685786,601,36,730.19871520997,671.41461181641,238.0,7,0.0,62.22171974182129,TRUNC
712890,886,40.4578329095838,899,2,34.066641807562,-7.8083429336548,111.15097045898,0,1.0,98.01561713218689,DEAD
713036,887,40.78569837951732,636,37,750.72422790527,664.99725341797,256.0,7,0.0,71.73222661018372,TRUNC
713232,888,20.279246475219534,98,17,367.28855895996,656.90002441406,251.45002746582,7,1.0,12.027588129043579,DEAD
713320,889,17.88443940734844,44,12,377.87040710449,651.64886474609,249.0,7,1.0,4.064266204833984,DEAD
713408,890,18.300112854003675,44,13,365.0796508789,656.90002441406,236.0,7,1.0,3.347430467605591,DEAD
713494,891,17.93301829528839,43,12,375.64875793458,655.20672607422,251.0,7,1.0,3.642051935195923,DEAD
713580,892,18.295950729370272,43,14,339.6982574463,655.27972412109,200.0,7,1.0,3.9085588455200195,DEAD
713712,893,20.800383056640598,66,18,363.873046874996,648.24566650391,198.0,7,1.0,5.0985352993011475,DEAD
713800,894,19.162815643310633,44,15,364.00991821289,651.19165039063,231.0,7,1.0,3.490384101867676,DEAD
713888,895,19.427710700988783,44,15,384.39171600342,651.49725341797,245.0,7,1.0,3.3429694175720215,DEAD
713976,896,18.67436437225333,44,14,373.49976348877,648.49835205078,217.0,7,1.0,3.555046319961548,DEAD
714020,897,16.29498341369635,22,11,313.91368103027,648.24536132813,214.0,7,1.0,1.7974247932434082,DEAD
714108,898,19.493984848022528,44,15,374.52992248534997,655.30395507813,242.0,7,1.0,3.5086514949798584,DEAD
714240,899,20.60502787017825,66,16,423.660850524899,653.50659179688,247.0,7,1.0,5.248331308364868,DEAD
714328,900,18.56633748626703,44,14,354.96683502197,652.49725341797,198.0,7,1.0,4.410586357116699,DEAD
714416,901,17.377189956665074,44,12,340.52561950684003,651.74627685547,215.0,7,1.0,4.436868667602539,DEAD
714460,902,17.442748153686644,22,13,315.87208557129,652.19165039063,201.0,7,1.0,2.9403483867645264,DEAD
714498,903,15.211369338988995,19,7,396.80668640136,637.24505615234,246.0,7,1.0,4.16187047958374,DEAD
715518,904,61.93798085308027,1314,10,223.0209341049192,-7.8083429336548,242.0,0,0.0,123.48136687278748,TRUNC
715720,905,37.75826773071389,611,32,698.0851135254,662.09686279297,206.0,7,0.0,55.023608922958374,TRUNC
715802,906,17.302521575927784,41,12,325.42904663086,655.90002441406,213.0,7,1.0,3.9332518577575684,DEAD
715876,907,18.971857536315984,37,14,387.47937774658,651.19165039063,245.0,7,1.0,4.540005683898926,DEAD
715964,908,18.68216584777838,44,14,363.96659851074,650.19165039063,213.0,7,1.0,4.220166444778442,DEAD
716052,909,19.342450653076032,44,15,362.94937133789,656.04309082031,248.0,7,1.0,4.2344279289245605,DEAD
716138,910,18.720390655517985,43,14,378.8370666504,648.19165039063,251.0,7,1.0,3.822753429412842,DEAD
716224,911,19.50465445709254,43,15,392.17836761475,650.99645996094,231.0,7,1.0,3.6215853691101074,DEAD
716354,912,21.414278106689746,65,18,420.52554321289904,651.21032714844,198.0,7,1.0,5.410994052886963,DEAD
716442,913,19.989556289672937,44,16,391.12596130371,650.19165039063,250.0,7,1.0,3.72506046295166,DEAD
716530,914,19.47337144470218,44,15,386.10243225098,650.49725341797,228.0,7,1.0,3.570847511291504,DEAD
716534,915,21.523333680152795,508,2,35.700026512149,-7.8083429336548,106.00128173828,0,0.0,46.06815981864929,TRUNC
718466,916,65.12334642705144,968,55,1321.76904296875,915.17144775391,217.0,7,0.40125000849366,96.78231739997864,TRUNC
718552,917,44.92687492465943,1009,2,36.002776145939,-7.8083429336548,109.40127563477,0,0.0,101.1701123714447,TRUNC
718672,918,22.500008041382042,103,20,417.448074340828,655.20672607422,250.0,7,1.0,10.379801750183105,DEAD
718758,919,17.99729682159462,43,13,365.297477722176,649.19165039063,200.0,7,1.0,3.555971622467041,DEAD
718846,920,17.726110931396235,44,12,347.47952270507,654.90002441406,227.0,7,1.0,5.696017503738403,DEAD
718912,921,17.799134437561012,33,11,384.086631774902,656.99725341797,217.0,7,1.0,4.056884288787842,DEAD
718954,922,16.56662886047375,21,11,323.70286560059003,654.90002441406,205.0,7,1.0,1.9675519466400146,DEAD
719042,923,19.184054161071902,44,15,367.425819396975,650.19165039063,200.0,7,1.0,4.676994562149048,DEAD
719554,924,21.728857845306262,501,2,35.3238563537601,-8.0027847290039,106.00128173828,0,0.0,50.7502863407135,TRUNC
719762,925,2.957700148582446,104,1,11.499983787536,-8.6961059570313,106.00128173828,0,1.0,12.252192974090576,DEAD
720778,926,64.12811938267737,868,57,1339.04675292968,915.90002441406,236.0,7,0.17750000208616,81.23656463623047,TRUNC
721062,927,28.54739208221413,650,10,236.43723297119203,-8.0027847290039,247.0,0,0.0,67.57423686981201,TRUNC
